rep,fold,Method,Accuracy,Precision,Recall,F1,Specificity,MCC,AUC,Brier
0,0,LR (paper),0.9166666666666666,0.8648648648648649,1.0,0.927536231884058,0.8214285714285714,0.8428669589114941,0.9709821428571429,0.06424582225198178
0,0,DT (paper),0.7833333333333333,0.8064516129032258,0.78125,0.7936507936507936,0.7857142857142857,0.5660175036135799,0.7834821428571428,0.21666666666666667
0,0,RF (paper),0.8666666666666667,0.8333333333333334,0.9375,0.8823529411764706,0.7857142857142857,0.7364853795464743,0.9587053571428572,0.09667666666666666
0,0,XGB (paper),0.85,0.8484848484848485,0.875,0.8615384615384616,0.8214285714285714,0.6983799021553296,0.9430803571428572,0.11109431833028793
0,0,NB (paper),0.9,0.8611111111111112,0.96875,0.9117647058823529,0.8214285714285714,0.8046784702452219,0.9508928571428571,0.07983949930207375
0,0,KNN (paper),0.75,0.7297297297297297,0.84375,0.782608695652174,0.6428571428571429,0.49930705718126556,0.8521205357142858,0.16999999999999998
0,0,B0,0.8666666666666667,0.875,0.875,0.875,0.8571428571428571,0.7321428571428571,0.9475446428571429,0.11186505723078406
0,0,A0,0.9,0.8421052631578947,1.0,0.9142857142857143,0.7857142857142857,0.8134212533111892,0.9709821428571429,0.07238504382912048
0,1,LR (paper),0.8833333333333333,0.9333333333333333,0.8484848484848485,0.8888888888888888,0.9259259259259259,0.7705289916987292,0.9461279461279462,0.09404013898998333
0,1,DT (paper),0.8333333333333334,0.7948717948717948,0.9393939393939394,0.8611111111111112,0.7037037037037037,0.6707702909835204,0.8215488215488216,0.16666666666666666
0,1,RF (paper),0.8833333333333333,0.8823529411764706,0.9090909090909091,0.8955223880597015,0.8518518518518519,0.7639496026464712,0.9708193041526375,0.08073
0,1,XGB (paper),0.8166666666666667,0.8666666666666667,0.7878787878787878,0.8253968253968254,0.8518518518518519,0.6365239496641676,0.9517396184062852,0.10945301502943039
0,1,NB (paper),0.85,0.9,0.8181818181818182,0.8571428571428571,0.8888888888888888,0.7035264706814485,0.9304152637485971,0.09657301584683255
0,1,KNN (paper),0.7666666666666667,0.7567567567567568,0.8484848484848485,0.8,0.6666666666666666,0.5271194646651204,0.8636363636363635,0.15933333333333335
0,1,B0,0.8833333333333333,0.8611111111111112,0.9393939393939394,0.8985507246376812,0.8148148148148148,0.7659026105380703,0.9528619528619529,0.09271196406309884
0,1,A0,0.8666666666666667,0.9032258064516129,0.8484848484848485,0.875,0.8888888888888888,0.7340855437891157,0.9539842873176206,0.0905866442963025
0,2,LR (paper),0.7833333333333333,0.7631578947368421,0.8787878787878788,0.8169014084507042,0.6666666666666666,0.5631113467731971,0.8686868686868686,0.1485205726780012
0,2,DT (paper),0.7333333333333333,0.7428571428571429,0.7878787878787878,0.7647058823529411,0.6666666666666666,0.458682472293863,0.7272727272727273,0.26666666666666666
0,2,RF (paper),0.7833333333333333,0.7631578947368421,0.8787878787878788,0.8169014084507042,0.6666666666666666,0.5631113467731971,0.8714927048260381,0.14363166666666666
0,2,XGB (paper),0.75,0.7647058823529411,0.7878787878787878,0.7761194029850746,0.7037037037037037,0.4935249645415256,0.8226711560044894,0.20330850780010223
0,2,NB (paper),0.7833333333333333,0.7941176470588235,0.8181818181818182,0.8059701492537313,0.7407407407407407,0.561131124067762,0.8507295173961841,0.19656793568341585
0,2,KNN (paper),0.7833333333333333,0.8125,0.7878787878787878,0.8,0.7777777777777778,0.5640760748177662,0.8338945005611672,0.18733333333333338
0,2,B0,0.7333333333333333,0.7428571428571429,0.7878787878787878,0.7647058823529411,0.6666666666666666,0.458682472293863,0.8540965207631874,0.2121639804800801
0,2,A0,0.8166666666666667,0.8055555555555556,0.8787878787878788,0.8405797101449275,0.7407407407407407,0.6291342872277006,0.8765432098765432,0.14911391384972233
0,3,LR (paper),0.8032786885245902,0.8,0.8484848484848485,0.8235294117647058,0.75,0.6030710063455536,0.8701298701298701,0.1448330074154393
0,3,DT (paper),0.8032786885245902,0.8,0.8484848484848485,0.8235294117647058,0.75,0.6030710063455536,0.7992424242424243,0.19672131147540983
0,3,RF (paper),0.7868852459016393,0.7777777777777778,0.8484848484848485,0.8115942028985508,0.7142857142857143,0.5702248022984665,0.833874458874459,0.1606360655737705
0,3,XGB (paper),0.7704918032786885,0.7714285714285715,0.8181818181818182,0.7941176470588235,0.7142857142857143,0.5365478031139463,0.8365800865800865,0.19266721606254578
0,3,NB (paper),0.8032786885245902,0.8181818181818182,0.8181818181818182,0.8181818181818182,0.7857142857142857,0.6038961038961039,0.8690476190476191,0.16104200756812614
0,3,KNN (paper),0.7049180327868853,0.6923076923076923,0.8181818181818182,0.75,0.5714285714285714,0.4043178090878734,0.777056277056277,0.22360655737704918
0,3,B0,0.819672131147541,0.8055555555555556,0.8787878787878788,0.8405797101449275,0.75,0.6371165579527096,0.8495670995670996,0.16572031264655301
0,3,A0,0.819672131147541,0.8055555555555556,0.8787878787878788,0.8405797101449275,0.75,0.6371165579527096,0.8549783549783551,0.14644752010456816
0,4,LR (paper),0.8688524590163934,0.8378378378378378,0.9393939393939394,0.8857142857142857,0.7857142857142857,0.7396603423852208,0.9069264069264069,0.11556024297431622
0,4,DT (paper),0.7213114754098361,0.7666666666666667,0.696969696969697,0.7301587301587301,0.75,0.4455255261606639,0.7234848484848485,0.2786885245901639
0,4,RF (paper),0.8360655737704918,0.8484848484848485,0.8484848484848485,0.8484848484848485,0.8214285714285714,0.6699134199134199,0.8944805194805194,0.13514754098360654
0,4,XGB (paper),0.7704918032786885,0.8064516129032258,0.7575757575757576,0.78125,0.7857142857142857,0.541534658916836,0.8690476190476191,0.17028142511844635
0,4,NB (paper),0.8360655737704918,0.8285714285714286,0.8787878787878788,0.8529411764705882,0.7857142857142857,0.6695942095771606,0.895021645021645,0.12750362847538074
0,4,KNN (paper),0.819672131147541,0.8666666666666667,0.7878787878787878,0.8253968253968254,0.8571428571428571,0.6429375631761639,0.8273809523809526,0.17836065573770493
0,4,B0,0.7540983606557377,0.8,0.7272727272727273,0.7619047619047619,0.7857142857142857,0.5113295384991638,0.8712121212121212,0.19288445640757906
0,4,A0,0.8524590163934426,0.8157894736842105,0.9393939393939394,0.8732394366197183,0.75,0.7088392059568465,0.9155844155844156,0.11537162181433064
1,0,LR (paper),0.7833333333333333,0.7714285714285715,0.84375,0.8059701492537313,0.7142857142857143,0.5646924393157821,0.8671875,0.15232141161079776
1,0,DT (paper),0.7333333333333333,0.6904761904761905,0.90625,0.7837837837837838,0.5357142857142857,0.48114977090383854,0.7209821428571429,0.26666666666666666
1,0,RF (paper),0.8,0.7631578947368421,0.90625,0.8285714285714286,0.6785714285714286,0.6054442283168511,0.8219866071428571,0.1720433333333333
1,0,XGB (paper),0.7833333333333333,0.7567567567567568,0.875,0.8115942028985508,0.6785714285714286,0.5680190375273113,0.796875,0.20624689757823944
1,0,NB (paper),0.75,0.717948717948718,0.875,0.7887323943661971,0.6071428571428571,0.5042986332124733,0.8113839285714285,0.19030354729051746
1,0,KNN (paper),0.7,0.6944444444444444,0.78125,0.7352941176470589,0.6071428571428571,0.39551992605273617,0.7427455357142858,0.26
1,0,B0,0.7333333333333333,0.7222222222222222,0.8125,0.7647058823529411,0.6428571428571429,0.4637130167514838,0.8370535714285714,0.20394021545178956
1,0,A0,0.7666666666666667,0.725,0.90625,0.8055555555555556,0.6071428571428571,0.5433239299507642,0.8370535714285714,0.1624153561941598
1,1,LR (paper),0.8688524590163934,0.9310344827586207,0.8181818181818182,0.8709677419354839,0.9285714285714286,0.7451421267603893,0.9686147186147186,0.07881545153201668
1,1,DT (paper),0.7704918032786885,0.9523809523809523,0.6060606060606061,0.7407407407407407,0.9642857142857143,0.5981842673005086,0.7851731601731602,0.22950819672131148
1,1,RF (paper),0.8524590163934426,0.9285714285714286,0.7878787878787878,0.8524590163934426,0.9285714285714286,0.7164502164502164,0.9448051948051949,0.10653278688524588
1,1,XGB (paper),0.8360655737704918,0.96,0.7272727272727273,0.8275862068965517,0.9642857142857143,0.700718555132154,0.9285714285714286,0.1152726262807846
1,1,NB (paper),0.819672131147541,0.8666666666666667,0.7878787878787878,0.8253968253968254,0.8571428571428571,0.6429375631761639,0.9307359307359307,0.13710353572981313
1,1,KNN (paper),0.7868852459016393,0.8333333333333334,0.7575757575757576,0.7936507936507936,0.8214285714285714,0.5771335508376638,0.8636363636363638,0.15868852459016394
1,1,B0,0.8360655737704918,0.96,0.7272727272727273,0.8275862068965517,0.9642857142857143,0.700718555132154,0.946969696969697,0.11861899666704513
1,1,A0,0.8852459016393442,0.9642857142857143,0.8181818181818182,0.8852459016393442,0.9642857142857143,0.7824675324675324,0.9426406926406926,0.10508195646569297
1,2,LR (paper),0.8,0.8181818181818182,0.8181818181818182,0.8181818181818182,0.7777777777777778,0.5959595959595959,0.9337822671156004,0.11526090594102255
1,2,DT (paper),0.7833333333333333,0.7941176470588235,0.8181818181818182,0.8059701492537313,0.7407407407407407,0.561131124067762,0.7794612794612795,0.21666666666666667
1,2,RF (paper),0.8333333333333334,0.8285714285714286,0.8787878787878788,0.8529411764705882,0.7777777777777778,0.6625413488689132,0.9158249158249158,0.11447499999999998
1,2,XGB (paper),0.8,0.8,0.8484848484848485,0.8235294117647058,0.7407407407407407,0.5945883900105631,0.8585858585858586,0.1874755173921585
1,2,NB (paper),0.8333333333333334,0.8709677419354839,0.8181818181818182,0.84375,0.8518518518518519,0.667045768100612,0.9393939393939394,0.12475216216816844
1,2,KNN (paper),0.8166666666666667,0.8055555555555556,0.8787878787878788,0.8405797101449275,0.7407407407407407,0.6291342872277006,0.8894500561167228,0.13
1,2,B0,0.7833333333333333,0.7941176470588235,0.8181818181818182,0.8059701492537313,0.7407407407407407,0.561131124067762,0.914702581369248,0.16850957549587386
1,2,A0,0.8,0.8,0.8484848484848485,0.8235294117647058,0.7407407407407407,0.5945883900105631,0.9315375982042648,0.1236803182897195
1,3,LR (paper),0.8666666666666667,0.8378378378378378,0.9393939393939394,0.8857142857142857,0.7777777777777778,0.7338329802200695,0.9001122334455668,0.11593877538373132
1,3,DT (paper),0.7833333333333333,0.8125,0.7878787878787878,0.8,0.7777777777777778,0.5640760748177662,0.7828282828282829,0.21666666666666667
1,3,RF (paper),0.85,0.8157894736842105,0.9393939393939394,0.8732394366197183,0.7407407407407407,0.7021511854826284,0.8945005611672278,0.12182666666666668
1,3,XGB (paper),0.8666666666666667,0.8571428571428571,0.9090909090909091,0.8823529411764706,0.8148148148148148,0.7304943077272633,0.9012345679012347,0.114643894135952
1,3,NB (paper),0.8833333333333333,0.8611111111111112,0.9393939393939394,0.8985507246376812,0.8148148148148148,0.7659026105380703,0.9259259259259259,0.09956742467813227
1,3,KNN (paper),0.8,0.7837837837837838,0.8787878787878788,0.8285714285714286,0.7037037037037037,0.5960239698501034,0.8569023569023568,0.156
1,3,B0,0.85,0.8529411764705882,0.8787878787878788,0.8656716417910447,0.8148148148148148,0.6963434431202348,0.888888888888889,0.1283571364434654
1,3,A0,0.8666666666666667,0.8378378378378378,0.9393939393939394,0.8857142857142857,0.7777777777777778,0.7338329802200695,0.9203142536475869,0.10456237600544135
1,4,LR (paper),0.8524590163934426,0.8333333333333334,0.9090909090909091,0.8695652173913043,0.7857142857142857,0.7040083136069528,0.9264069264069263,0.11237472306354772
1,4,DT (paper),0.7704918032786885,0.7878787878787878,0.7878787878787878,0.7878787878787878,0.75,0.5378787878787878,0.7689393939393939,0.22950819672131148
1,4,RF (paper),0.7704918032786885,0.7714285714285715,0.8181818181818182,0.7941176470588235,0.7142857142857143,0.5365478031139463,0.9015151515151515,0.12992131147540983
1,4,XGB (paper),0.8360655737704918,0.8484848484848485,0.8484848484848485,0.8484848484848485,0.8214285714285714,0.6699134199134199,0.8744588744588745,0.15540127456188202
1,4,NB (paper),0.8524590163934426,0.8529411764705882,0.8787878787878788,0.8656716417910447,0.8214285714285714,0.7025010124044243,0.9069264069264069,0.10535293800197229
1,4,KNN (paper),0.7213114754098361,0.7352941176470589,0.7575757575757576,0.746268656716418,0.6785714285714286,0.4375701823786445,0.8392857142857144,0.1901639344262295
1,4,B0,0.819672131147541,0.8235294117647058,0.8484848484848485,0.835820895522388,0.7857142857142857,0.6362683048979794,0.9166666666666667,0.1501715692240014
1,4,A0,0.8852459016393442,0.8823529411764706,0.9090909090909091,0.8955223880597015,0.8571428571428571,0.7687337199108693,0.9296536796536796,0.10446577961553552
2,0,LR (paper),0.8166666666666667,0.8,0.875,0.835820895522388,0.75,0.6324555320336759,0.8872767857142857,0.14339519203143458
2,0,DT (paper),0.8,0.7941176470588235,0.84375,0.8181818181818182,0.75,0.597766393027815,0.796875,0.2
2,0,RF (paper),0.8,0.7777777777777778,0.875,0.8235294117647058,0.7142857142857143,0.600099198148979,0.8755580357142856,0.14361
2,0,XGB (paper),0.8,0.7631578947368421,0.90625,0.8285714285714286,0.6785714285714286,0.6054442283168511,0.8872767857142857,0.1785093992948532
2,0,NB (paper),0.7833333333333333,0.7714285714285715,0.84375,0.8059701492537313,0.7142857142857143,0.5646924393157821,0.8828125,0.17008619049389967
2,0,KNN (paper),0.75,0.7428571428571429,0.8125,0.7761194029850746,0.6785714285714286,0.4969293465978882,0.8108258928571428,0.20266666666666666
2,0,B0,0.8,0.7631578947368421,0.90625,0.8285714285714286,0.6785714285714286,0.6054442283168511,0.8984374999999999,0.16256038234801834
2,0,A0,0.8333333333333334,0.8235294117647058,0.875,0.8484848484848485,0.7857142857142857,0.6651836553993731,0.8828125,0.14109421460182536
2,1,LR (paper),0.7666666666666667,0.7317073170731707,0.9090909090909091,0.8108108108108109,0.5925925925925926,0.5365373282078015,0.861952861952862,0.1711415712638859
2,1,DT (paper),0.8,0.7837837837837838,0.8787878787878788,0.8285714285714286,0.7037037037037037,0.5960239698501034,0.7912457912457913,0.2
2,1,RF (paper),0.7833333333333333,0.7380952380952381,0.9393939393939394,0.8266666666666667,0.5925925925925926,0.5775353766869084,0.8613916947250281,0.15341333333333335
2,1,XGB (paper),0.7833333333333333,0.7631578947368421,0.8787878787878788,0.8169014084507042,0.6666666666666666,0.5631113467731971,0.8585858585858586,0.18214818835258484
2,1,NB (paper),0.7833333333333333,0.75,0.9090909090909091,0.821917808219178,0.6296296296296297,0.5685352436149611,0.8462401795735129,0.18569100032998695
2,1,KNN (paper),0.6333333333333333,0.6410256410256411,0.7575757575757576,0.6944444444444444,0.48148148148148145,0.24934393015617776,0.6868686868686869,0.2793333333333334
2,1,B0,0.8,0.7560975609756098,0.9393939393939394,0.8378378378378378,0.6296296296296297,0.6085557615242849,0.8843995510662177,0.18431513979555195
2,1,A0,0.75,0.7142857142857143,0.9090909090909091,0.8,0.5555555555555556,0.5044296328024895,0.9001122334455668,0.15807730416150975
2,2,LR (paper),0.9344262295081968,0.9393939393939394,0.9393939393939394,0.9393939393939394,0.9285714285714286,0.8679653679653679,0.9816017316017316,0.0633042209539557
2,2,DT (paper),0.8032786885245902,0.8387096774193549,0.7878787878787878,0.8125,0.8214285714285714,0.607338671255336,0.8046536796536796,0.19672131147540983
2,2,RF (paper),0.9016393442622951,0.8648648648648649,0.9696969696969697,0.9142857142857143,0.8214285714285714,0.8070025526620842,0.9707792207792209,0.0843918032786885
2,2,XGB (paper),0.8852459016393442,0.8611111111111112,0.9393939393939394,0.8985507246376812,0.8214285714285714,0.770900069261196,0.9512987012987013,0.09591733664274216
2,2,NB (paper),0.9180327868852459,0.9375,0.9090909090909091,0.9230769230769231,0.9285714285714286,0.8358550813225236,0.9642857142857143,0.06774467573410087
2,2,KNN (paper),0.7704918032786885,0.7567567567567568,0.8484848484848485,0.8,0.6785714285714286,0.5376337115546307,0.8338744588744589,0.17442622950819672
2,2,B0,0.9180327868852459,0.8888888888888888,0.9696969696969697,0.927536231884058,0.8571428571428571,0.8377918249154391,0.9491341991341993,0.07921403675569416
2,2,A0,0.9344262295081968,0.9393939393939394,0.9393939393939394,0.9393939393939394,0.9285714285714286,0.8679653679653679,0.975108225108225,0.0716904809316304
2,3,LR (paper),0.85,0.9,0.8181818181818182,0.8571428571428571,0.8888888888888888,0.7035264706814485,0.9640852974186308,0.08594960685549753
2,3,DT (paper),0.8166666666666667,0.8666666666666667,0.7878787878787878,0.8253968253968254,0.8518518518518519,0.6365239496641676,0.8198653198653199,0.18333333333333332
2,3,RF (paper),0.85,0.8333333333333334,0.9090909090909091,0.8695652173913043,0.7777777777777778,0.6975184488828855,0.9068462401795735,0.123845
2,3,XGB (paper),0.8666666666666667,0.8787878787878788,0.8787878787878788,0.8787878787878788,0.8518518518518519,0.7306397306397306,0.9079685746352413,0.13519911468029022
2,3,NB (paper),0.8666666666666667,0.9032258064516129,0.8484848484848485,0.875,0.8888888888888888,0.7340855437891157,0.9753086419753086,0.08704767418505324
2,3,KNN (paper),0.7833333333333333,0.7941176470588235,0.8181818181818182,0.8059701492537313,0.7407407407407407,0.561131124067762,0.8675645342312008,0.15266666666666667
2,3,B0,0.8333333333333334,0.8484848484848485,0.8484848484848485,0.8484848484848485,0.8148148148148148,0.6632996632996633,0.9180695847362514,0.1277429402686475
2,3,A0,0.8833333333333333,0.90625,0.8787878787878788,0.8923076923076924,0.8888888888888888,0.7655318158241113,0.9528619528619529,0.08634953872954475
2,4,LR (paper),0.8524590163934426,0.8529411764705882,0.8787878787878788,0.8656716417910447,0.8214285714285714,0.7025010124044243,0.8841991341991342,0.13435413938341034
2,4,DT (paper),0.7704918032786885,0.8275862068965517,0.7272727272727273,0.7741935483870968,0.8214285714285714,0.5475174757500252,0.7743506493506493,0.22950819672131148
2,4,RF (paper),0.8360655737704918,0.8484848484848485,0.8484848484848485,0.8484848484848485,0.8214285714285714,0.6699134199134199,0.8928571428571429,0.13688032786885246
2,4,XGB (paper),0.7704918032786885,0.8064516129032258,0.7575757575757576,0.78125,0.7857142857142857,0.541534658916836,0.8593073593073594,0.18994946777820587
2,4,NB (paper),0.8524590163934426,0.875,0.8484848484848485,0.8615384615384616,0.8571428571428571,0.7041053139822809,0.8722943722943725,0.13880285090633446
2,4,KNN (paper),0.7704918032786885,0.8275862068965517,0.7272727272727273,0.7741935483870968,0.8214285714285714,0.5475174757500252,0.7911255411255411,0.21639344262295082
2,4,B0,0.819672131147541,0.84375,0.8181818181818182,0.8307692307692308,0.8214285714285714,0.6382304303121595,0.8798701298701299,0.1582691496458732
2,4,A0,0.8360655737704918,0.8484848484848485,0.8484848484848485,0.8484848484848485,0.8214285714285714,0.6699134199134199,0.8961038961038961,0.12348116563574311
3,0,LR (paper),0.8833333333333333,0.9310344827586207,0.84375,0.8852459016393442,0.9285714285714286,0.7710317175208609,0.9341517857142857,0.09938786759352441
3,0,DT (paper),0.7833333333333333,0.7714285714285715,0.84375,0.8059701492537313,0.7142857142857143,0.5646924393157821,0.7790178571428572,0.21666666666666667
3,0,RF (paper),0.85,0.8484848484848485,0.875,0.8615384615384616,0.8214285714285714,0.6983799021553296,0.8962053571428572,0.13114666666666666
3,0,XGB (paper),0.8,0.8125,0.8125,0.8125,0.7857142857142857,0.5982142857142857,0.8794642857142857,0.15796655416488647
3,0,NB (paper),0.8166666666666667,0.8181818181818182,0.84375,0.8307692307692308,0.7857142857142857,0.6312279884865479,0.9029017857142857,0.14243511934104652
3,0,KNN (paper),0.7833333333333333,0.7878787878787878,0.8125,0.8,0.75,0.5640760748177662,0.8409598214285714,0.17466666666666664
3,0,B0,0.7833333333333333,0.7878787878787878,0.8125,0.8,0.75,0.5640760748177662,0.9040178571428572,0.17438709820228715
3,0,A0,0.8333333333333334,0.84375,0.84375,0.84375,0.8214285714285714,0.6651785714285714,0.9196428571428571,0.11036273510043491
3,1,LR (paper),0.8852459016393442,0.8611111111111112,0.9393939393939394,0.8985507246376812,0.8214285714285714,0.770900069261196,0.9361471861471862,0.09471802367782076
3,1,DT (paper),0.7704918032786885,0.8518518518518519,0.696969696969697,0.7666666666666667,0.8571428571428571,0.5559204302180297,0.7770562770562771,0.22950819672131148
3,1,RF (paper),0.8852459016393442,0.8823529411764706,0.9090909090909091,0.8955223880597015,0.8571428571428571,0.7687337199108693,0.9377705627705628,0.10379180327868852
3,1,XGB (paper),0.8852459016393442,0.8823529411764706,0.9090909090909091,0.8955223880597015,0.8571428571428571,0.7687337199108693,0.9437229437229436,0.09498926997184753
3,1,NB (paper),0.819672131147541,0.8235294117647058,0.8484848484848485,0.835820895522388,0.7857142857142857,0.6362683048979794,0.9188311688311689,0.12448780544220935
3,1,KNN (paper),0.8688524590163934,0.8787878787878788,0.8787878787878788,0.8787878787878788,0.8571428571428571,0.7359307359307359,0.8814935064935064,0.13442622950819674
3,1,B0,0.8688524590163934,0.9310344827586207,0.8181818181818182,0.8709677419354839,0.9285714285714286,0.7451421267603893,0.932900432900433,0.11401504435303661
3,1,A0,0.8852459016393442,0.8611111111111112,0.9393939393939394,0.8985507246376812,0.8214285714285714,0.770900069261196,0.948051948051948,0.08921587922666906
3,2,LR (paper),0.85,0.8529411764705882,0.8787878787878788,0.8656716417910447,0.8148148148148148,0.6963434431202348,0.9113355780022446,0.11308257153269273
3,2,DT (paper),0.6833333333333333,0.7333333333333333,0.6666666666666666,0.6984126984126984,0.7037037037037037,0.3685138655950444,0.6851851851851851,0.31666666666666665
3,2,RF (paper),0.8666666666666667,0.8571428571428571,0.9090909090909091,0.8823529411764706,0.8148148148148148,0.7304943077272633,0.9309764309764309,0.10475166666666666
3,2,XGB (paper),0.8166666666666667,0.8235294117647058,0.8484848484848485,0.835820895522388,0.7777777777777778,0.6287372835939984,0.8720538720538721,0.152865931391716
3,2,NB (paper),0.8666666666666667,0.8571428571428571,0.9090909090909091,0.8823529411764706,0.8148148148148148,0.7304943077272633,0.914702581369248,0.10714562212240564
3,2,KNN (paper),0.7666666666666667,0.7209302325581395,0.9393939393939394,0.8157894736842105,0.5555555555555556,0.5464381960949232,0.8815937149270483,0.14533333333333331
3,2,B0,0.8166666666666667,0.8235294117647058,0.8484848484848485,0.835820895522388,0.7777777777777778,0.6287372835939984,0.8945005611672279,0.15679373598765675
3,2,A0,0.8666666666666667,0.8571428571428571,0.9090909090909091,0.8823529411764706,0.8148148148148148,0.7304943077272633,0.9270482603815937,0.09667970371996198
3,3,LR (paper),0.8,0.7692307692307693,0.9090909090909091,0.8333333333333334,0.6666666666666666,0.6005325641789633,0.8765432098765432,0.14513029689598217
3,3,DT (paper),0.7333333333333333,0.7073170731707317,0.8787878787878788,0.7837837837837838,0.5555555555555556,0.4645188948913181,0.7171717171717172,0.26666666666666666
3,3,RF (paper),0.8166666666666667,0.775,0.9393939393939394,0.8493150684931506,0.6666666666666666,0.6396021490668312,0.8765432098765432,0.14022333333333334
3,3,XGB (paper),0.7,0.6829268292682927,0.8484848484848485,0.7567567567567568,0.5185185185185185,0.3925004615748347,0.8439955106621773,0.2254851907491684
3,3,NB (paper),0.7833333333333333,0.7777777777777778,0.8484848484848485,0.8115942028985508,0.7037037037037037,0.5607501255725158,0.8843995510662177,0.16665466945607801
3,3,KNN (paper),0.7666666666666667,0.7567567567567568,0.8484848484848485,0.8,0.6666666666666666,0.5271194646651204,0.8552188552188553,0.16199999999999998
3,3,B0,0.75,0.7142857142857143,0.9090909090909091,0.8,0.5555555555555556,0.5044296328024895,0.8552188552188552,0.2049432678382522
3,3,A0,0.8166666666666667,0.775,0.9393939393939394,0.8493150684931506,0.6666666666666666,0.6396021490668312,0.8843995510662177,0.14452545382746473
3,4,LR (paper),0.8524590163934426,0.8529411764705882,0.8787878787878788,0.8656716417910447,0.8214285714285714,0.7025010124044243,0.8917748917748918,0.1262968682387755
3,4,DT (paper),0.7213114754098361,0.75,0.7272727272727273,0.7384615384615385,0.7142857142857143,0.4406057793017954,0.7207792207792209,0.2786885245901639
3,4,RF (paper),0.7868852459016393,0.7941176470588235,0.8181818181818182,0.8059701492537313,0.75,0.5700355973915344,0.886904761904762,0.13965737704918033
3,4,XGB (paper),0.7540983606557377,0.78125,0.7575757575757576,0.7692307692307693,0.75,0.5064806629719167,0.8658008658008658,0.21167147159576416
3,4,NB (paper),0.8524590163934426,0.9,0.8181818181818182,0.8571428571428571,0.8928571428571429,0.7087415755146639,0.9058441558441558,0.1261728380793962
3,4,KNN (paper),0.7049180327868853,0.7419354838709677,0.696969696969697,0.71875,0.7142857142857143,0.409926634239836,0.7857142857142858,0.22885245901639342
3,4,B0,0.7540983606557377,0.78125,0.7575757575757576,0.7692307692307693,0.75,0.5064806629719167,0.8593073593073594,0.22657872232980142
3,4,A0,0.8032786885245902,0.8181818181818182,0.8181818181818182,0.8181818181818182,0.7857142857142857,0.6038961038961039,0.9058441558441558,0.1284763487878817
4,0,LR (paper),0.7833333333333333,0.7317073170731707,0.9375,0.821917808219178,0.6071428571428571,0.5841132909764998,0.8995535714285715,0.1322206459641908
4,0,DT (paper),0.7333333333333333,0.7352941176470589,0.78125,0.7575757575757576,0.6785714285714286,0.4629318682846988,0.7299107142857143,0.26666666666666666
4,0,RF (paper),0.7833333333333333,0.7435897435897436,0.90625,0.8169014084507042,0.6428571428571429,0.5743401100475389,0.8738839285714286,0.13942333333333334
4,0,XGB (paper),0.75,0.7297297297297297,0.84375,0.782608695652174,0.6428571428571429,0.49930705718126556,0.8705357142857142,0.18019019067287445
4,0,NB (paper),0.8,0.7631578947368421,0.90625,0.8285714285714286,0.6785714285714286,0.6054442283168511,0.8939732142857143,0.1471031030745376
4,0,KNN (paper),0.7166666666666667,0.6923076923076923,0.84375,0.7605633802816901,0.5714285714285714,0.4342571563774075,0.7550223214285714,0.24400000000000002
4,0,B0,0.75,0.7297297297297297,0.84375,0.782608695652174,0.6428571428571429,0.49930705718126556,0.8761160714285714,0.1986966415957152
4,0,A0,0.8,0.7380952380952381,0.96875,0.8378378378378378,0.6071428571428571,0.6269527317837896,0.9140625,0.1358965294207042
4,1,LR (paper),0.8524590163934426,0.8529411764705882,0.8787878787878788,0.8656716417910447,0.8214285714285714,0.7025010124044243,0.9318181818181819,0.10980469690185875
4,1,DT (paper),0.7213114754098361,0.7,0.8484848484848485,0.7671232876712328,0.5714285714285714,0.4404089102705831,0.7099567099567099,0.2786885245901639
4,1,RF (paper),0.7868852459016393,0.7777777777777778,0.8484848484848485,0.8115942028985508,0.7142857142857143,0.5702248022984665,0.8771645021645023,0.14524098360655735
4,1,XGB (paper),0.8032786885245902,0.7837837837837838,0.8787878787878788,0.8285714285714286,0.7142857142857143,0.6049759218314941,0.8603896103896105,0.17644822597503662
4,1,NB (paper),0.8032786885245902,0.8387096774193549,0.7878787878787878,0.8125,0.8214285714285714,0.607338671255336,0.8755411255411255,0.1626958014704863
4,1,KNN (paper),0.7704918032786885,0.8275862068965517,0.7272727272727273,0.7741935483870968,0.8214285714285714,0.5475174757500252,0.8695887445887447,0.18098360655737705
4,1,B0,0.8032786885245902,0.7837837837837838,0.8787878787878788,0.8285714285714286,0.7142857142857143,0.6049759218314941,0.8896103896103896,0.17367690416352427
4,1,A0,0.819672131147541,0.8235294117647058,0.8484848484848485,0.835820895522388,0.7857142857142857,0.6362683048979794,0.9004329004329005,0.12953722239638002
4,2,LR (paper),0.8,0.8620689655172413,0.7575757575757576,0.8064516129032258,0.8518518518518519,0.6067099699809587,0.8911335578002244,0.1341197143340977
4,2,DT (paper),0.7666666666666667,0.7714285714285715,0.8181818181818182,0.7941176470588235,0.7037037037037037,0.526635431152213,0.760942760942761,0.23333333333333334
4,2,RF (paper),0.8333333333333334,0.8285714285714286,0.8787878787878788,0.8529411764705882,0.7777777777777778,0.6625413488689132,0.9191919191919192,0.11371833333333334
4,2,XGB (paper),0.8333333333333334,0.8484848484848485,0.8484848484848485,0.8484848484848485,0.8148148148148148,0.6632996632996633,0.888888888888889,0.14606967568397522
4,2,NB (paper),0.85,0.875,0.8484848484848485,0.8615384615384616,0.8518518518518519,0.6983799021553296,0.9113355780022447,0.12594174561149132
4,2,KNN (paper),0.7833333333333333,0.7777777777777778,0.8484848484848485,0.8115942028985508,0.7037037037037037,0.5607501255725158,0.8546576879910215,0.16066666666666668
4,2,B0,0.8166666666666667,0.7894736842105263,0.9090909090909091,0.8450704225352113,0.7037037037037037,0.6326312661279128,0.8978675645342312,0.15738487681651844
4,2,A0,0.8833333333333333,0.90625,0.8787878787878788,0.8923076923076924,0.8888888888888888,0.7655318158241113,0.9034792368125701,0.11398333924422722
4,3,LR (paper),0.9016393442622951,0.9090909090909091,0.9090909090909091,0.9090909090909091,0.8928571428571429,0.801948051948052,0.9166666666666666,0.10756770458747136
4,3,DT (paper),0.8032786885245902,0.8620689655172413,0.7575757575757576,0.8064516129032258,0.8571428571428571,0.6133923594201466,0.8073593073593074,0.19672131147540983
4,3,RF (paper),0.8524590163934426,0.9,0.8181818181818182,0.8571428571428571,0.8928571428571429,0.7087415755146639,0.9204545454545455,0.11671639344262298
4,3,XGB (paper),0.8524590163934426,0.9,0.8181818181818182,0.8571428571428571,0.8928571428571429,0.7087415755146639,0.8885281385281385,0.13618223369121552
4,3,NB (paper),0.8360655737704918,0.8709677419354839,0.8181818181818182,0.84375,0.8571428571428571,0.673142683593836,0.9025974025974026,0.12060702105903941
4,3,KNN (paper),0.7868852459016393,0.7941176470588235,0.8181818181818182,0.8059701492537313,0.75,0.5700355973915344,0.8690476190476191,0.16000000000000003
4,3,B0,0.8688524590163934,0.9032258064516129,0.8484848484848485,0.875,0.8928571428571429,0.738946695932336,0.9101731601731602,0.11921088418483324
4,3,A0,0.9016393442622951,0.9354838709677419,0.8787878787878788,0.90625,0.9285714285714286,0.804750708270836,0.9177489177489178,0.10069363507347283
4,4,LR (paper),0.8666666666666667,0.8787878787878788,0.8787878787878788,0.8787878787878788,0.8518518518518519,0.7306397306397306,0.9326599326599326,0.104627344817507
4,4,DT (paper),0.75,0.8,0.7272727272727273,0.7619047619047619,0.7777777777777778,0.502518907629606,0.7525252525252525,0.25
4,4,RF (paper),0.8333333333333334,0.8484848484848485,0.8484848484848485,0.8484848484848485,0.8148148148148148,0.6632996632996633,0.9191919191919192,0.11574333333333334
4,4,XGB (paper),0.8166666666666667,0.8235294117647058,0.8484848484848485,0.835820895522388,0.7777777777777778,0.6287372835939984,0.8810325476992144,0.15259236097335815
4,4,NB (paper),0.85,0.8529411764705882,0.8787878787878788,0.8656716417910447,0.8148148148148148,0.6963434431202348,0.9326599326599327,0.10917540651243454
4,4,KNN (paper),0.7666666666666667,0.7714285714285715,0.8181818181818182,0.7941176470588235,0.7037037037037037,0.526635431152213,0.8221099887766555,0.18466666666666667
4,4,B0,0.8,0.8387096774193549,0.7878787878787878,0.8125,0.8148148148148148,0.6000059924121083,0.9012345679012346,0.16365470022166864
4,4,A0,0.8666666666666667,0.8787878787878788,0.8787878787878788,0.8787878787878788,0.8518518518518519,0.7306397306397306,0.9371492704826039,0.09771016608908155
5,0,LR (paper),0.8135593220338984,0.8387096774193549,0.8125,0.8253968253968254,0.8148148148148148,0.6258677198890453,0.8935185185185185,0.12915421786030193
5,0,DT (paper),0.7796610169491526,0.88,0.6875,0.7719298245614035,0.8888888888888888,0.581116234871624,0.7881944444444444,0.22033898305084745
5,0,RF (paper),0.8305084745762712,0.8235294117647058,0.875,0.8484848484848485,0.7777777777777778,0.6581316394931646,0.8877314814814814,0.13737966101694915
5,0,XGB (paper),0.7966101694915254,0.8333333333333334,0.78125,0.8064516129032258,0.8148148148148148,0.5940058628427234,0.8506944444444444,0.1800372302532196
5,0,NB (paper),0.847457627118644,0.8709677419354839,0.84375,0.8571428571428571,0.8518518518518519,0.6939972318326868,0.8842592592592593,0.1513726310979849
5,0,KNN (paper),0.8135593220338984,0.8387096774193549,0.8125,0.8253968253968254,0.8148148148148148,0.6258677198890453,0.8200231481481481,0.18440677966101696
5,0,B0,0.7966101694915254,0.8125,0.8125,0.8125,0.7777777777777778,0.5902777777777778,0.888888888888889,0.14643749636779543
5,0,A0,0.7966101694915254,0.8333333333333334,0.78125,0.8064516129032258,0.8148148148148148,0.5940058628427234,0.8877314814814814,0.13031924796530056
5,1,LR (paper),0.9016393442622951,0.8648648648648649,0.9696969696969697,0.9142857142857143,0.8214285714285714,0.8070025526620842,0.9502164502164502,0.0851964271631841
5,1,DT (paper),0.8360655737704918,0.896551724137931,0.7878787878787878,0.8387096774193549,0.8928571428571429,0.6792672430902679,0.8403679653679654,0.16393442622950818
5,1,RF (paper),0.8852459016393442,0.8611111111111112,0.9393939393939394,0.8985507246376812,0.8214285714285714,0.770900069261196,0.9561688311688311,0.10087377049180328
5,1,XGB (paper),0.8688524590163934,0.8571428571428571,0.9090909090909091,0.8823529411764706,0.8214285714285714,0.7361174128087679,0.9393939393939394,0.10364928841590881
5,1,NB (paper),0.8524590163934426,0.8333333333333334,0.9090909090909091,0.8695652173913043,0.7857142857142857,0.7040083136069528,0.9242424242424242,0.11207344739513239
5,1,KNN (paper),0.7868852459016393,0.7380952380952381,0.9393939393939394,0.8266666666666667,0.6071428571428571,0.5881037475297186,0.8658008658008658,0.15213114754098359
5,1,B0,0.8688524590163934,0.8787878787878788,0.8787878787878788,0.8787878787878788,0.8571428571428571,0.7359307359307359,0.9534632034632036,0.09883389598131015
5,1,A0,0.9016393442622951,0.8648648648648649,0.9696969696969697,0.9142857142857143,0.8214285714285714,0.8070025526620842,0.9448051948051948,0.08813909334087287
5,2,LR (paper),0.85,0.8157894736842105,0.9393939393939394,0.8732394366197183,0.7407407407407407,0.7021511854826284,0.8956228956228957,0.12232206758798932
5,2,DT (paper),0.7,0.7027027027027027,0.7878787878787878,0.7428571428571429,0.5925925925925926,0.38931045429515426,0.6902356902356901,0.3
5,2,RF (paper),0.8333333333333334,0.7948717948717948,0.9393939393939394,0.8611111111111112,0.7037037037037037,0.6707702909835204,0.8838383838383839,0.13112166666666666
5,2,XGB (paper),0.8166666666666667,0.8055555555555556,0.8787878787878788,0.8405797101449275,0.7407407407407407,0.6291342872277006,0.8877665544332212,0.1289307326078415
5,2,NB (paper),0.8,0.8,0.8484848484848485,0.8235294117647058,0.7407407407407407,0.5945883900105631,0.877665544332211,0.1511005199833496
5,2,KNN (paper),0.7666666666666667,0.7714285714285715,0.8181818181818182,0.7941176470588235,0.7037037037037037,0.526635431152213,0.8742985409652075,0.15533333333333335
5,2,B0,0.8333333333333334,0.8108108108108109,0.9090909090909091,0.8571428571428571,0.7407407407407407,0.6649284750350865,0.8900112233445566,0.15484384183631603
5,2,A0,0.85,0.8157894736842105,0.9393939393939394,0.8732394366197183,0.7407407407407407,0.7021511854826284,0.9158249158249159,0.11449428949128358
5,3,LR (paper),0.9180327868852459,0.9375,0.9090909090909091,0.9230769230769231,0.9285714285714286,0.8358550813225236,0.9545454545454546,0.08660068948353326
5,3,DT (paper),0.7377049180327869,0.7741935483870968,0.7272727272727273,0.75,0.75,0.475730646578336,0.7386363636363636,0.26229508196721313
5,3,RF (paper),0.8032786885245902,0.8620689655172413,0.7575757575757576,0.8064516129032258,0.8571428571428571,0.6133923594201466,0.9155844155844156,0.12393114754098361
5,3,XGB (paper),0.7540983606557377,0.8,0.7272727272727273,0.7619047619047619,0.7857142857142857,0.5113295384991638,0.9025974025974025,0.17773471772670746
5,3,NB (paper),0.8524590163934426,0.875,0.8484848484848485,0.8615384615384616,0.8571428571428571,0.7041053139822809,0.9437229437229437,0.10571219237886524
5,3,KNN (paper),0.7868852459016393,0.8333333333333334,0.7575757575757576,0.7936507936507936,0.8214285714285714,0.5771335508376638,0.8647186147186148,0.16065573770491803
5,3,B0,0.7868852459016393,0.8125,0.7878787878787878,0.8,0.7857142857142857,0.5723555466420381,0.8993506493506493,0.19489615949945163
5,3,A0,0.8360655737704918,0.896551724137931,0.7878787878787878,0.8387096774193549,0.8928571428571429,0.6792672430902679,0.9318181818181818,0.11323294639602471
5,4,LR (paper),0.819672131147541,0.8055555555555556,0.8787878787878788,0.8405797101449275,0.75,0.6371165579527096,0.8928571428571428,0.13438766290792278
5,4,DT (paper),0.7868852459016393,0.8125,0.7878787878787878,0.8,0.7857142857142857,0.5723555466420381,0.7867965367965367,0.21311475409836064
5,4,RF (paper),0.7868852459016393,0.7777777777777778,0.8484848484848485,0.8115942028985508,0.7142857142857143,0.5702248022984665,0.9063852813852813,0.12601803278688525
5,4,XGB (paper),0.7868852459016393,0.7777777777777778,0.8484848484848485,0.8115942028985508,0.7142857142857143,0.5702248022984665,0.8733766233766234,0.191201850771904
5,4,NB (paper),0.8360655737704918,0.8285714285714286,0.8787878787878788,0.8529411764705882,0.7857142857142857,0.6695942095771606,0.8993506493506493,0.1288847833706394
5,4,KNN (paper),0.8032786885245902,0.7837837837837838,0.8787878787878788,0.8285714285714286,0.7142857142857143,0.6049759218314941,0.8457792207792207,0.17245901639344263
5,4,B0,0.8360655737704918,0.8285714285714286,0.8787878787878788,0.8529411764705882,0.7857142857142857,0.6695942095771606,0.9004329004329005,0.17000104945130728
5,4,A0,0.8360655737704918,0.8108108108108109,0.9090909090909091,0.8571428571428571,0.75,0.6723181321083574,0.9112554112554112,0.12421726794463318
6,0,LR (paper),0.8166666666666667,0.8387096774193549,0.8125,0.8253968253968254,0.8214285714285714,0.632869964670302,0.9174107142857143,0.12518648875369845
6,0,DT (paper),0.7666666666666667,0.8,0.75,0.7741935483870968,0.7857142857142857,0.5345224838248488,0.7678571428571428,0.23333333333333334
6,0,RF (paper),0.8333333333333334,0.8666666666666667,0.8125,0.8387096774193549,0.8571428571428571,0.6681531047810609,0.9185267857142857,0.11536166666666665
6,0,XGB (paper),0.8,0.8333333333333334,0.78125,0.8064516129032258,0.8214285714285714,0.6013377943029549,0.9140625,0.15858735144138336
6,0,NB (paper),0.8,0.8333333333333334,0.78125,0.8064516129032258,0.8214285714285714,0.6013377943029549,0.9107142857142857,0.15609599884034456
6,0,KNN (paper),0.8333333333333334,0.8666666666666667,0.8125,0.8387096774193549,0.8571428571428571,0.6681531047810609,0.8883928571428571,0.14000000000000004
6,0,B0,0.8,0.8125,0.8125,0.8125,0.7857142857142857,0.5982142857142857,0.9151785714285714,0.18127122336703036
6,0,A0,0.8333333333333334,0.8666666666666667,0.8125,0.8387096774193549,0.8571428571428571,0.6681531047810609,0.9330357142857143,0.11760289068138377
6,1,LR (paper),0.9166666666666666,0.8888888888888888,0.9696969696969697,0.927536231884058,0.8518518518518519,0.8342867721932552,0.9225589225589225,0.09717551622271216
6,1,DT (paper),0.7833333333333333,0.8333333333333334,0.7575757575757576,0.7936507936507936,0.8148148148148148,0.5695214286468868,0.7861952861952862,0.21666666666666667
6,1,RF (paper),0.8333333333333334,0.8108108108108109,0.9090909090909091,0.8571428571428571,0.7407407407407407,0.6649284750350865,0.8922558922558922,0.13498500000000002
6,1,XGB (paper),0.8333333333333334,0.8108108108108109,0.9090909090909091,0.8571428571428571,0.7407407407407407,0.6649284750350865,0.9034792368125703,0.1267653852701187
6,1,NB (paper),0.8666666666666667,0.8378378378378378,0.9393939393939394,0.8857142857142857,0.7777777777777778,0.7338329802200695,0.9169472502805835,0.10594121515497583
6,1,KNN (paper),0.7,0.6923076923076923,0.8181818181818182,0.75,0.5555555555555556,0.38981938376529196,0.7704826038159371,0.22933333333333333
6,1,B0,0.85,0.8157894736842105,0.9393939393939394,0.8732394366197183,0.7407407407407407,0.7021511854826284,0.9057239057239058,0.13100051469335428
6,1,A0,0.8666666666666667,0.8378378378378378,0.9393939393939394,0.8857142857142857,0.7777777777777778,0.7338329802200695,0.9191919191919191,0.09745097082276022
6,2,LR (paper),0.8666666666666667,0.8378378378378378,0.9393939393939394,0.8857142857142857,0.7777777777777778,0.7338329802200695,0.8956228956228957,0.12299600051748698
6,2,DT (paper),0.75,0.7647058823529411,0.7878787878787878,0.7761194029850746,0.7037037037037037,0.4935249645415256,0.7457912457912458,0.25
6,2,RF (paper),0.8,0.8,0.8484848484848485,0.8235294117647058,0.7407407407407407,0.5945883900105631,0.8473625140291807,0.15396666666666667
6,2,XGB (paper),0.7666666666666667,0.7878787878787878,0.7878787878787878,0.7878787878787878,0.7407407407407407,0.5286195286195287,0.8641975308641976,0.19092914462089539
6,2,NB (paper),0.8166666666666667,0.8055555555555556,0.8787878787878788,0.8405797101449275,0.7407407407407407,0.6291342872277006,0.8765432098765432,0.1389959556344471
6,2,KNN (paper),0.7833333333333333,0.7631578947368421,0.8787878787878788,0.8169014084507042,0.6666666666666666,0.5631113467731971,0.8148148148148148,0.1873333333333333
6,2,B0,0.7666666666666667,0.7714285714285715,0.8181818181818182,0.7941176470588235,0.7037037037037037,0.526635431152213,0.856341189674523,0.20824134862075663
6,2,A0,0.85,0.8333333333333334,0.9090909090909091,0.8695652173913043,0.7777777777777778,0.6975184488828855,0.8945005611672279,0.12108637449180912
6,3,LR (paper),0.8524590163934426,0.8333333333333334,0.9090909090909091,0.8695652173913043,0.7857142857142857,0.7040083136069528,0.9534632034632033,0.09597945660361155
6,3,DT (paper),0.7213114754098361,0.7352941176470589,0.7575757575757576,0.746268656716418,0.6785714285714286,0.4375701823786445,0.7180735930735931,0.2786885245901639
6,3,RF (paper),0.819672131147541,0.775,0.9393939393939394,0.8493150684931506,0.6785714285714286,0.6481275457848015,0.913961038961039,0.11725573770491803
6,3,XGB (paper),0.7540983606557377,0.75,0.8181818181818182,0.782608695652174,0.6785714285714286,0.5033330466442233,0.8668831168831168,0.18231260776519775
6,3,NB (paper),0.8852459016393442,0.8823529411764706,0.9090909090909091,0.8955223880597015,0.8571428571428571,0.7687337199108693,0.9545454545454545,0.09124681991915753
6,3,KNN (paper),0.7704918032786885,0.7567567567567568,0.8484848484848485,0.8,0.6785714285714286,0.5376337115546307,0.860930735930736,0.160655737704918
6,3,B0,0.7377049180327869,0.717948717948718,0.8484848484848485,0.7777777777777778,0.6071428571428571,0.47282721562776303,0.8906926406926408,0.1880752233519216
6,3,A0,0.8360655737704918,0.8108108108108109,0.9090909090909091,0.8571428571428571,0.75,0.6723181321083574,0.9534632034632035,0.09622710212783896
6,4,LR (paper),0.8360655737704918,0.8484848484848485,0.8484848484848485,0.8484848484848485,0.8214285714285714,0.6699134199134199,0.9123376623376623,0.12023258955925767
6,4,DT (paper),0.819672131147541,0.8055555555555556,0.8787878787878788,0.8405797101449275,0.75,0.6371165579527096,0.8143939393939394,0.18032786885245902
6,4,RF (paper),0.819672131147541,0.84375,0.8181818181818182,0.8307692307692308,0.8214285714285714,0.6382304303121595,0.8944805194805194,0.13014426229508197
6,4,XGB (paper),0.7377049180327869,0.7741935483870968,0.7272727272727273,0.75,0.75,0.475730646578336,0.8517316017316017,0.19495759904384613
6,4,NB (paper),0.7540983606557377,0.78125,0.7575757575757576,0.7692307692307693,0.75,0.5064806629719167,0.8863636363636364,0.1770490109773344
6,4,KNN (paper),0.7377049180327869,0.7741935483870968,0.7272727272727273,0.75,0.75,0.475730646578336,0.8024891774891775,0.2118032786885246
6,4,B0,0.819672131147541,0.8055555555555556,0.8787878787878788,0.8405797101449275,0.75,0.6371165579527096,0.9025974025974026,0.1519644792078803
6,4,A0,0.7868852459016393,0.7941176470588235,0.8181818181818182,0.8059701492537313,0.75,0.5700355973915344,0.9058441558441558,0.13732970929268276
7,0,LR (paper),0.8666666666666667,0.8529411764705882,0.90625,0.8787878787878788,0.8214285714285714,0.7326009177709311,0.9642857142857143,0.0850231602766827
7,0,DT (paper),0.7333333333333333,0.7222222222222222,0.8125,0.7647058823529411,0.6428571428571429,0.4637130167514838,0.7276785714285714,0.26666666666666666
7,0,RF (paper),0.8166666666666667,0.7692307692307693,0.9375,0.8450704225352113,0.6785714285714286,0.6443815868826047,0.9001116071428571,0.12752666666666668
7,0,XGB (paper),0.7833333333333333,0.7714285714285715,0.84375,0.8059701492537313,0.7142857142857143,0.5646924393157821,0.8504464285714286,0.18538206815719604
7,0,NB (paper),0.8666666666666667,0.8333333333333334,0.9375,0.8823529411764706,0.7857142857142857,0.7364853795464743,0.9229910714285714,0.11148557315344386
7,0,KNN (paper),0.7833333333333333,0.8064516129032258,0.78125,0.7936507936507936,0.7857142857142857,0.5660175036135799,0.845982142857143,0.17333333333333334
7,0,B0,0.8166666666666667,0.8,0.875,0.835820895522388,0.75,0.6324555320336759,0.8761160714285714,0.16686303234099417
7,0,A0,0.8666666666666667,0.8333333333333334,0.9375,0.8823529411764706,0.7857142857142857,0.7364853795464743,0.9419642857142857,0.09778674803739043
7,1,LR (paper),0.8524590163934426,0.8333333333333334,0.9090909090909091,0.8695652173913043,0.7857142857142857,0.7040083136069528,0.9231601731601731,0.11280833939043133
7,1,DT (paper),0.7540983606557377,0.78125,0.7575757575757576,0.7692307692307693,0.75,0.5064806629719167,0.7537878787878788,0.2459016393442623
7,1,RF (paper),0.819672131147541,0.8235294117647058,0.8484848484848485,0.835820895522388,0.7857142857142857,0.6362683048979794,0.9080086580086579,0.12204426229508199
7,1,XGB (paper),0.7868852459016393,0.7941176470588235,0.8181818181818182,0.8059701492537313,0.75,0.5700355973915344,0.8538961038961039,0.16856689751148224
7,1,NB (paper),0.8032786885245902,0.8,0.8484848484848485,0.8235294117647058,0.75,0.6030710063455536,0.920995670995671,0.1286813018117079
7,1,KNN (paper),0.7704918032786885,0.7435897435897436,0.8787878787878788,0.8055555555555556,0.6428571428571429,0.5413366221676527,0.8284632034632036,0.18295081967213114
7,1,B0,0.8032786885245902,0.8,0.8484848484848485,0.8235294117647058,0.75,0.6030710063455536,0.8906926406926408,0.1642152471520324
7,1,A0,0.8360655737704918,0.8285714285714286,0.8787878787878788,0.8529411764705882,0.7857142857142857,0.6695942095771606,0.9123376623376622,0.11839114184828611
7,2,LR (paper),0.8333333333333334,0.8709677419354839,0.8181818181818182,0.84375,0.8518518518518519,0.667045768100612,0.9225589225589226,0.11607330565816774
7,2,DT (paper),0.8,0.8387096774193549,0.7878787878787878,0.8125,0.8148148148148148,0.6000059924121083,0.8013468013468014,0.2
7,2,RF (paper),0.8333333333333334,0.8709677419354839,0.8181818181818182,0.84375,0.8518518518518519,0.667045768100612,0.9320987654320987,0.10926166666666667
7,2,XGB (paper),0.8166666666666667,0.8235294117647058,0.8484848484848485,0.835820895522388,0.7777777777777778,0.6287372835939984,0.920314253647587,0.13912492990493774
7,2,NB (paper),0.9,0.9354838709677419,0.8787878787878788,0.90625,0.9259259259259259,0.8011253194776194,0.9685746352413019,0.07328593985649676
7,2,KNN (paper),0.8333333333333334,0.8709677419354839,0.8181818181818182,0.84375,0.8518518518518519,0.667045768100612,0.8771043771043772,0.14266666666666666
7,2,B0,0.8,0.8387096774193549,0.7878787878787878,0.8125,0.8148148148148148,0.6000059924121083,0.9326599326599326,0.13154203722807703
7,2,A0,0.8666666666666667,0.9032258064516129,0.8484848484848485,0.875,0.8888888888888888,0.7340855437891157,0.9517396184062851,0.09525161115692801
7,3,LR (paper),0.7704918032786885,0.7714285714285715,0.8181818181818182,0.7941176470588235,0.7142857142857143,0.5365478031139463,0.8311688311688312,0.18110497513623267
7,3,DT (paper),0.7540983606557377,0.7647058823529411,0.7878787878787878,0.7761194029850746,0.7142857142857143,0.5038028898850895,0.751082251082251,0.2459016393442623
7,3,RF (paper),0.7704918032786885,0.7714285714285715,0.8181818181818182,0.7941176470588235,0.7142857142857143,0.5365478031139463,0.843073593073593,0.15574426229508193
7,3,XGB (paper),0.7704918032786885,0.7878787878787878,0.7878787878787878,0.7878787878787878,0.75,0.5378787878787878,0.8495670995670995,0.19660857319831848
7,3,NB (paper),0.7213114754098361,0.75,0.7272727272727273,0.7384615384615385,0.7142857142857143,0.4406057793017954,0.8279220779220778,0.24098252895948782
7,3,KNN (paper),0.6721311475409836,0.6756756756756757,0.7575757575757576,0.7142857142857143,0.5714285714285714,0.3356070807240405,0.7159090909090909,0.27344262295081967
7,3,B0,0.7868852459016393,0.7941176470588235,0.8181818181818182,0.8059701492537313,0.75,0.5700355973915344,0.8398268398268398,0.20438147766464737
7,3,A0,0.7704918032786885,0.7714285714285715,0.8181818181818182,0.7941176470588235,0.7142857142857143,0.5365478031139463,0.8333333333333334,0.18018045562773335
7,4,LR (paper),0.8333333333333334,0.8484848484848485,0.8484848484848485,0.8484848484848485,0.8148148148148148,0.6632996632996633,0.8866442199775534,0.13267311513670763
7,4,DT (paper),0.75,0.8,0.7272727272727273,0.7619047619047619,0.7777777777777778,0.502518907629606,0.7525252525252525,0.25
7,4,RF (paper),0.8833333333333333,0.90625,0.8787878787878788,0.8923076923076924,0.8888888888888888,0.7655318158241113,0.8855218855218856,0.129855
7,4,XGB (paper),0.8,0.8387096774193549,0.7878787878787878,0.8125,0.8148148148148148,0.6000059924121083,0.8799102132435466,0.1536770910024643
7,4,NB (paper),0.85,0.8529411764705882,0.8787878787878788,0.8656716417910447,0.8148148148148148,0.6963434431202348,0.8529741863075198,0.14852624705997364
7,4,KNN (paper),0.7833333333333333,0.75,0.9090909090909091,0.821917808219178,0.6296296296296297,0.5685352436149611,0.8636363636363636,0.158
7,4,B0,0.8333333333333334,0.8484848484848485,0.8484848484848485,0.8484848484848485,0.8148148148148148,0.6632996632996633,0.8731762065095399,0.14154054045775086
7,4,A0,0.8166666666666667,0.8235294117647058,0.8484848484848485,0.835820895522388,0.7777777777777778,0.6287372835939984,0.8866442199775533,0.1239016890072484
8,0,LR (paper),0.8333333333333334,0.8055555555555556,0.90625,0.8529411764705882,0.75,0.6682922888477266,0.9051339285714285,0.12708986833448702
8,0,DT (paper),0.7166666666666667,0.6923076923076923,0.84375,0.7605633802816901,0.5714285714285714,0.4342571563774075,0.7075892857142857,0.2833333333333333
8,0,RF (paper),0.75,0.717948717948718,0.875,0.7887323943661971,0.6071428571428571,0.5042986332124733,0.8922991071428571,0.13702000000000003
8,0,XGB (paper),0.7833333333333333,0.7435897435897436,0.90625,0.8169014084507042,0.6428571428571429,0.5743401100475389,0.9006696428571428,0.17349447309970856
8,0,NB (paper),0.8,0.7941176470588235,0.84375,0.8181818181818182,0.75,0.597766393027815,0.8883928571428572,0.1529679953142419
8,0,KNN (paper),0.7666666666666667,0.75,0.84375,0.7941176470588235,0.6785714285714286,0.5319061074502314,0.8069196428571429,0.19733333333333333
8,0,B0,0.7833333333333333,0.7567567567567568,0.875,0.8115942028985508,0.6785714285714286,0.5680190375273113,0.8939732142857143,0.19544720834851892
8,0,A0,0.8333333333333334,0.8055555555555556,0.90625,0.8529411764705882,0.75,0.6682922888477266,0.9051339285714286,0.13203934178970336
8,1,LR (paper),0.8688524590163934,0.8571428571428571,0.9090909090909091,0.8823529411764706,0.8214285714285714,0.7361174128087679,0.9599567099567099,0.08210504673104116
8,1,DT (paper),0.7868852459016393,0.7777777777777778,0.8484848484848485,0.8115942028985508,0.7142857142857143,0.5702248022984665,0.7813852813852814,0.21311475409836064
8,1,RF (paper),0.8688524590163934,0.8787878787878788,0.8787878787878788,0.8787878787878788,0.8571428571428571,0.7359307359307359,0.9540043290043291,0.08982295081967212
8,1,XGB (paper),0.8360655737704918,0.8285714285714286,0.8787878787878788,0.8529411764705882,0.7857142857142857,0.6695942095771606,0.9426406926406926,0.10807150602340698
8,1,NB (paper),0.8688524590163934,0.8787878787878788,0.8787878787878788,0.8787878787878788,0.8571428571428571,0.7359307359307359,0.9426406926406927,0.10053046361076692
8,1,KNN (paper),0.8360655737704918,0.8285714285714286,0.8787878787878788,0.8529411764705882,0.7857142857142857,0.6695942095771606,0.9004329004329004,0.12131147540983607
8,1,B0,0.8524590163934426,0.8529411764705882,0.8787878787878788,0.8656716417910447,0.8214285714285714,0.7025010124044243,0.946969696969697,0.11561408665326467
8,1,A0,0.8360655737704918,0.8285714285714286,0.8787878787878788,0.8529411764705882,0.7857142857142857,0.6695942095771606,0.9567099567099567,0.09159619961242317
8,2,LR (paper),0.7833333333333333,0.8333333333333334,0.7575757575757576,0.7936507936507936,0.8148148148148148,0.5695214286468868,0.920314253647587,0.11461239526518824
8,2,DT (paper),0.7,0.7272727272727273,0.7272727272727273,0.7272727272727273,0.6666666666666666,0.3939393939393939,0.696969696969697,0.3
8,2,RF (paper),0.8166666666666667,0.8666666666666667,0.7878787878787878,0.8253968253968254,0.8518518518518519,0.6365239496641676,0.9062850729517397,0.132705
8,2,XGB (paper),0.7666666666666667,0.8275862068965517,0.7272727272727273,0.7741935483870968,0.8148148148148148,0.539670194292455,0.8608305274971941,0.18376250565052032
8,2,NB (paper),0.8333333333333334,0.8484848484848485,0.8484848484848485,0.8484848484848485,0.8148148148148148,0.6632996632996633,0.9270482603815937,0.11583403035092717
8,2,KNN (paper),0.7166666666666667,0.7666666666666667,0.696969696969697,0.7301587301587301,0.7407407407407407,0.4355163866123252,0.7968574635241303,0.21600000000000003
8,2,B0,0.7833333333333333,0.8125,0.7878787878787878,0.8,0.7777777777777778,0.5640760748177662,0.8765432098765433,0.17695649022421303
8,2,A0,0.8166666666666667,0.84375,0.8181818181818182,0.8307692307692308,0.8148148148148148,0.6312279884865479,0.9248035914702581,0.11189409880192022
8,3,LR (paper),0.75,0.8214285714285714,0.696969696969697,0.7540983606557377,0.8148148148148148,0.5103545438827408,0.819304152637486,0.19325868270075353
8,3,DT (paper),0.75,0.7368421052631579,0.8484848484848485,0.7887323943661971,0.6296296296296297,0.4935914274184814,0.7390572390572392,0.25
8,3,RF (paper),0.8,0.8,0.8484848484848485,0.8235294117647058,0.7407407407407407,0.5945883900105631,0.8361391694725028,0.161685
8,3,XGB (paper),0.8166666666666667,0.8235294117647058,0.8484848484848485,0.835820895522388,0.7777777777777778,0.6287372835939984,0.8417508417508418,0.15832215547561646
8,3,NB (paper),0.6833333333333333,0.7333333333333333,0.6666666666666666,0.6984126984126984,0.7037037037037037,0.3685138655950444,0.7968574635241302,0.24130987815859822
8,3,KNN (paper),0.7833333333333333,0.7631578947368421,0.8787878787878788,0.8169014084507042,0.6666666666666666,0.5631113467731971,0.803030303030303,0.194
8,3,B0,0.8,0.8,0.8484848484848485,0.8235294117647058,0.7407407407407407,0.5945883900105631,0.8451178451178452,0.16474658001234557
8,3,A0,0.75,0.78125,0.7575757575757576,0.7692307692307693,0.7407407407407407,0.4969241611489845,0.830527497194164,0.1691162271267814
8,4,LR (paper),0.8688524590163934,0.8571428571428571,0.9090909090909091,0.8823529411764706,0.8214285714285714,0.7361174128087679,0.9567099567099567,0.08141685057760854
8,4,DT (paper),0.7049180327868853,0.6923076923076923,0.8181818181818182,0.75,0.5714285714285714,0.4043178090878734,0.6948051948051949,0.29508196721311475
8,4,RF (paper),0.9344262295081968,0.8918918918918919,1.0,0.9428571428571428,0.8571428571428571,0.8743447629389476,0.9372294372294373,0.10131311475409834
8,4,XGB (paper),0.8524590163934426,0.8333333333333334,0.9090909090909091,0.8695652173913043,0.7857142857142857,0.7040083136069528,0.908008658008658,0.12267471849918365
8,4,NB (paper),0.8524590163934426,0.8529411764705882,0.8787878787878788,0.8656716417910447,0.8214285714285714,0.7025010124044243,0.9404761904761905,0.10545407436091372
8,4,KNN (paper),0.7213114754098361,0.7105263157894737,0.8181818181818182,0.7605633802816901,0.6071428571428571,0.43732151953067605,0.8111471861471862,0.19672131147540983
8,4,B0,0.8360655737704918,0.8108108108108109,0.9090909090909091,0.8571428571428571,0.75,0.6723181321083574,0.8939393939393939,0.1478708101498077
8,4,A0,0.8852459016393442,0.8823529411764706,0.9090909090909091,0.8955223880597015,0.8571428571428571,0.7687337199108693,0.9426406926406926,0.08524428715337645
9,0,LR (paper),0.8305084745762712,0.84375,0.84375,0.84375,0.8148148148148148,0.6585648148148148,0.9293981481481481,0.11031790686306243
9,0,DT (paper),0.7796610169491526,0.7714285714285715,0.84375,0.8059701492537313,0.7037037037037037,0.5552193923424837,0.7737268518518519,0.22033898305084745
9,0,RF (paper),0.864406779661017,0.875,0.875,0.875,0.8518518518518519,0.7268518518518519,0.9114583333333334,0.12238305084745763
9,0,XGB (paper),0.8135593220338984,0.8387096774193549,0.8125,0.8253968253968254,0.8148148148148148,0.6258677198890453,0.9039351851851853,0.15225927531719208
9,0,NB (paper),0.8813559322033898,0.9032258064516129,0.875,0.8888888888888888,0.8888888888888888,0.7621267437763283,0.9282407407407407,0.10854342820706442
9,0,KNN (paper),0.7627118644067796,0.78125,0.78125,0.78125,0.7407407407407407,0.5219907407407407,0.8530092592592593,0.16474576271186442
9,0,B0,0.8135593220338984,0.8,0.875,0.835820895522388,0.7407407407407407,0.6244750882160706,0.9155092592592592,0.15325006979286437
9,0,A0,0.864406779661017,0.875,0.875,0.875,0.8518518518518519,0.7268518518518519,0.9340277777777777,0.10277920490603515
9,1,LR (paper),0.8524590163934426,0.7857142857142857,1.0,0.88,0.6785714285714286,0.7301802964378883,0.9242424242424243,0.10424832833504759
9,1,DT (paper),0.819672131147541,0.84375,0.8181818181818182,0.8307692307692308,0.8214285714285714,0.6382304303121595,0.8198051948051949,0.18032786885245902
9,1,RF (paper),0.819672131147541,0.7894736842105263,0.9090909090909091,0.8450704225352113,0.7142857142857143,0.6409597843503038,0.8955627705627706,0.12470655737704918
9,1,XGB (paper),0.7540983606557377,0.7647058823529411,0.7878787878787878,0.7761194029850746,0.7142857142857143,0.5038028898850895,0.8712121212121212,0.18368469178676605
9,1,NB (paper),0.7868852459016393,0.7941176470588235,0.8181818181818182,0.8059701492537313,0.75,0.5700355973915344,0.9090909090909092,0.1396341173321921
9,1,KNN (paper),0.8032786885245902,0.8,0.8484848484848485,0.8235294117647058,0.75,0.6030710063455536,0.8290043290043291,0.18295081967213114
9,1,B0,0.8032786885245902,0.8,0.8484848484848485,0.8235294117647058,0.75,0.6030710063455536,0.9025974025974026,0.16041310073573586
9,1,A0,0.8360655737704918,0.7804878048780488,0.9696969696969697,0.8648648648648649,0.6785714285714286,0.6881512618769879,0.9155844155844155,0.11303783811788112
9,2,LR (paper),0.7868852459016393,0.8333333333333334,0.7575757575757576,0.7936507936507936,0.8214285714285714,0.5771335508376638,0.8787878787878788,0.1449919436386626
9,2,DT (paper),0.7704918032786885,0.8064516129032258,0.7575757575757576,0.78125,0.7857142857142857,0.541534658916836,0.7716450216450217,0.22950819672131148
9,2,RF (paper),0.819672131147541,0.8235294117647058,0.8484848484848485,0.835820895522388,0.7857142857142857,0.6362683048979794,0.8874458874458875,0.13114590163934425
9,2,XGB (paper),0.7704918032786885,0.7878787878787878,0.7878787878787878,0.7878787878787878,0.75,0.5378787878787878,0.8733766233766235,0.18999351561069489
9,2,NB (paper),0.8360655737704918,0.8709677419354839,0.8181818181818182,0.84375,0.8571428571428571,0.673142683593836,0.8712121212121213,0.15810938964515073
9,2,KNN (paper),0.7049180327868853,0.7272727272727273,0.7272727272727273,0.7272727272727273,0.6785714285714286,0.40584415584415584,0.8041125541125541,0.2098360655737705
9,2,B0,0.8032786885245902,0.8,0.8484848484848485,0.8235294117647058,0.75,0.6030710063455536,0.8755411255411256,0.18316446919703158
9,2,A0,0.8032786885245902,0.8387096774193549,0.7878787878787878,0.8125,0.8214285714285714,0.607338671255336,0.8906926406926406,0.13670564016708395
9,3,LR (paper),0.85,0.8333333333333334,0.9090909090909091,0.8695652173913043,0.7777777777777778,0.6975184488828855,0.9236812570145904,0.10437587802288416
9,3,DT (paper),0.8166666666666667,0.8235294117647058,0.8484848484848485,0.835820895522388,0.7777777777777778,0.6287372835939984,0.8131313131313133,0.18333333333333332
9,3,RF (paper),0.8333333333333334,0.8285714285714286,0.8787878787878788,0.8529411764705882,0.7777777777777778,0.6625413488689132,0.9062850729517397,0.12106666666666667
9,3,XGB (paper),0.8166666666666667,0.8235294117647058,0.8484848484848485,0.835820895522388,0.7777777777777778,0.6287372835939984,0.9270482603815937,0.13208447396755219
9,3,NB (paper),0.8166666666666667,0.7894736842105263,0.9090909090909091,0.8450704225352113,0.7037037037037037,0.6326312661279128,0.9113355780022447,0.1403659165924139
9,3,KNN (paper),0.7833333333333333,0.7631578947368421,0.8787878787878788,0.8169014084507042,0.6666666666666666,0.5631113467731971,0.835016835016835,0.1753333333333333
9,3,B0,0.8333333333333334,0.8285714285714286,0.8787878787878788,0.8529411764705882,0.7777777777777778,0.6625413488689132,0.9023569023569024,0.15164672440884733
9,3,A0,0.85,0.8333333333333334,0.9090909090909091,0.8695652173913043,0.7777777777777778,0.6975184488828855,0.9214365881032548,0.1155081639612969
9,4,LR (paper),0.8360655737704918,0.8709677419354839,0.8181818181818182,0.84375,0.8571428571428571,0.673142683593836,0.8820346320346321,0.14335562118405268
9,4,DT (paper),0.8032786885245902,0.8387096774193549,0.7878787878787878,0.8125,0.8214285714285714,0.607338671255336,0.8046536796536796,0.19672131147540983
9,4,RF (paper),0.8360655737704918,0.8484848484848485,0.8484848484848485,0.8484848484848485,0.8214285714285714,0.6699134199134199,0.9063852813852814,0.12692295081967214
9,4,XGB (paper),0.8032786885245902,0.8181818181818182,0.8181818181818182,0.8181818181818182,0.7857142857142857,0.6038961038961039,0.8744588744588745,0.16326966881752014
9,4,NB (paper),0.819672131147541,0.84375,0.8181818181818182,0.8307692307692308,0.8214285714285714,0.6382304303121595,0.8852813852813853,0.1485280067541478
9,4,KNN (paper),0.7704918032786885,0.8064516129032258,0.7575757575757576,0.78125,0.7857142857142857,0.541534658916836,0.8268398268398268,0.18098360655737702
9,4,B0,0.8032786885245902,0.8181818181818182,0.8181818181818182,0.8181818181818182,0.7857142857142857,0.6038961038961039,0.9025974025974026,0.17219121692039607
9,4,A0,0.8524590163934426,0.9,0.8181818181818182,0.8571428571428571,0.8928571428571429,0.7087415755146639,0.895021645021645,0.13155131653419347
0,0,A1,0.8833333333333333,0.8205128205128205,1.0,0.9014084507042254,0.75,0.7844645405527362,0.9642857142857143,0.08420115303928917
0,0,A2,0.9,0.8421052631578947,1.0,0.9142857142857143,0.7857142857142857,0.8134212533111892,0.9709821428571428,0.08297464386928446
0,0,A3 (LA-DPS),0.9,0.8421052631578947,1.0,0.9142857142857143,0.7857142857142857,0.8134212533111892,0.9709821428571428,0.08238657500829978
0,0,LR (tuned),0.9,0.8421052631578947,1.0,0.9142857142857143,0.7857142857142857,0.8134212533111892,0.9676339285714286,0.07939045907840504
0,0,DT (tuned),0.8333333333333334,0.84375,0.84375,0.84375,0.8214285714285714,0.6651785714285714,0.8900669642857143,0.13005375053982002
0,0,RF (tuned),0.9,0.8421052631578947,1.0,0.9142857142857143,0.7857142857142857,0.8134212533111892,0.9654017857142857,0.0993098515963109
0,0,XGB (tuned),0.8666666666666667,0.8333333333333334,0.9375,0.8823529411764706,0.7857142857142857,0.7364853795464743,0.9620535714285715,0.09027286618947983
0,0,NB (tuned),0.9166666666666666,0.8648648648648649,1.0,0.927536231884058,0.8214285714285714,0.8428669589114941,0.9642857142857142,0.08642513414433212
0,0,KNN (tuned),0.85,0.7948717948717948,0.96875,0.8732394366197183,0.7142857142857143,0.7144230637176704,0.9129464285714286,0.10943636965862086
0,1,A1,0.8833333333333333,0.9333333333333333,0.8484848484848485,0.8888888888888888,0.9259259259259259,0.7705289916987292,0.9640852974186307,0.08451173548663864
0,1,A2,0.9,0.9655172413793104,0.8484848484848485,0.9032258064516129,0.9629629629629629,0.8078292970464699,0.9719416386083053,0.08095591614489327
0,1,A3 (LA-DPS),0.9,0.9655172413793104,0.8484848484848485,0.9032258064516129,0.9629629629629629,0.8078292970464699,0.9764309764309764,0.08066306131695183
0,1,LR (tuned),0.9,0.9354838709677419,0.8787878787878788,0.90625,0.9259259259259259,0.8011253194776194,0.9674523007856342,0.09242671990611573
0,1,DT (tuned),0.8166666666666667,0.8928571428571429,0.7575757575757576,0.819672131147541,0.8888888888888888,0.6446583712203042,0.9169472502805838,0.12149883859390935
0,1,RF (tuned),0.9,0.9655172413793104,0.8484848484848485,0.9032258064516129,0.9629629629629629,0.8078292970464699,0.9741863075196409,0.09506248455443086
0,1,XGB (tuned),0.8833333333333333,0.9333333333333333,0.8484848484848485,0.8888888888888888,0.9259259259259259,0.7705289916987292,0.9618406285072951,0.090212382376194
0,1,NB (tuned),0.9,0.9655172413793104,0.8484848484848485,0.9032258064516129,0.9629629629629629,0.8078292970464699,0.9450056116722784,0.09016689225670584
0,1,KNN (tuned),0.85,0.875,0.8484848484848485,0.8615384615384616,0.8518518518518519,0.6983799021553296,0.9506172839506173,0.10025677230205164
0,2,A1,0.7833333333333333,0.7631578947368421,0.8787878787878788,0.8169014084507042,0.6666666666666666,0.5631113467731971,0.8686868686868686,0.14467674673598394
0,2,A2,0.8,0.7837837837837838,0.8787878787878788,0.8285714285714286,0.7037037037037037,0.5960239698501034,0.8754208754208754,0.14114030358985508
0,2,A3 (LA-DPS),0.8,0.7837837837837838,0.8787878787878788,0.8285714285714286,0.7037037037037037,0.5960239698501034,0.8754208754208754,0.14153813607207863
0,2,LR (tuned),0.7833333333333333,0.7631578947368421,0.8787878787878788,0.8169014084507042,0.6666666666666666,0.5631113467731971,0.8641975308641975,0.146318094376368
0,2,DT (tuned),0.8,0.7692307692307693,0.9090909090909091,0.8333333333333334,0.6666666666666666,0.6005325641789633,0.8378226711560045,0.13989971476919308
0,2,RF (tuned),0.8,0.7837837837837838,0.8787878787878788,0.8285714285714286,0.7037037037037037,0.5960239698501034,0.877665544332211,0.14392519879390847
0,2,XGB (tuned),0.7833333333333333,0.7631578947368421,0.8787878787878788,0.8169014084507042,0.6666666666666666,0.5631113467731971,0.8585858585858586,0.14421290159225464
0,2,NB (tuned),0.8,0.8181818181818182,0.8181818181818182,0.8181818181818182,0.7777777777777778,0.5959595959595959,0.867564534231201,0.1668179995063931
0,2,KNN (tuned),0.7666666666666667,0.7567567567567568,0.8484848484848485,0.8,0.6666666666666666,0.5271194646651204,0.8630751964085297,0.14896572730152668
0,3,A1,0.819672131147541,0.8235294117647058,0.8484848484848485,0.835820895522388,0.7857142857142857,0.6362683048979794,0.8593073593073594,0.14343850990245574
0,3,A2,0.8360655737704918,0.8285714285714286,0.8787878787878788,0.8529411764705882,0.7857142857142857,0.6695942095771606,0.8538961038961039,0.14040325237942838
0,3,A3 (LA-DPS),0.8524590163934426,0.8333333333333334,0.9090909090909091,0.8695652173913043,0.7857142857142857,0.7040083136069528,0.8603896103896105,0.13638576944979935
0,3,LR (tuned),0.8524590163934426,0.8333333333333334,0.9090909090909091,0.8695652173913043,0.7857142857142857,0.7040083136069528,0.8722943722943722,0.1312680050109566
0,3,DT (tuned),0.7540983606557377,0.75,0.8181818181818182,0.782608695652174,0.6785714285714286,0.5033330466442233,0.7905844155844155,0.19275966805980985
0,3,RF (tuned),0.819672131147541,0.8235294117647058,0.8484848484848485,0.835820895522388,0.7857142857142857,0.6362683048979794,0.8387445887445888,0.15524966441669558
0,3,XGB (tuned),0.819672131147541,0.8055555555555556,0.8787878787878788,0.8405797101449275,0.75,0.6371165579527096,0.8354978354978355,0.15032844245433807
0,3,NB (tuned),0.819672131147541,0.8235294117647058,0.8484848484848485,0.835820895522388,0.7857142857142857,0.6362683048979794,0.8636363636363636,0.15917773915997074
0,3,KNN (tuned),0.7868852459016393,0.7941176470588235,0.8181818181818182,0.8059701492537313,0.75,0.5700355973915344,0.841991341991342,0.15356798860145593
0,4,A1,0.7868852459016393,0.7777777777777778,0.8484848484848485,0.8115942028985508,0.7142857142857143,0.5702248022984665,0.9004329004329004,0.12840615388341178
0,4,A2,0.7868852459016393,0.7941176470588235,0.8181818181818182,0.8059701492537313,0.75,0.5700355973915344,0.9036796536796536,0.1297669116419157
0,4,A3 (LA-DPS),0.7704918032786885,0.7878787878787878,0.7878787878787878,0.7878787878787878,0.75,0.5378787878787878,0.9025974025974026,0.12927699656004404
0,4,LR (tuned),0.8032786885245902,0.7837837837837838,0.8787878787878788,0.8285714285714286,0.7142857142857143,0.6049759218314941,0.908008658008658,0.12705325961265895
0,4,DT (tuned),0.819672131147541,0.8235294117647058,0.8484848484848485,0.835820895522388,0.7857142857142857,0.6362683048979794,0.8246753246753247,0.16915011152502002
0,4,RF (tuned),0.8032786885245902,0.8181818181818182,0.8181818181818182,0.8181818181818182,0.7857142857142857,0.6038961038961039,0.8917748917748918,0.1404296188124054
0,4,XGB (tuned),0.8360655737704918,0.8709677419354839,0.8181818181818182,0.84375,0.8571428571428571,0.673142683593836,0.9015151515151516,0.13459767401218414
0,4,NB (tuned),0.7868852459016393,0.7941176470588235,0.8181818181818182,0.8059701492537313,0.75,0.5700355973915344,0.9123376623376623,0.13911866025422942
0,4,KNN (tuned),0.7868852459016393,0.75,0.9090909090909091,0.821917808219178,0.6428571428571429,0.5788880006133953,0.8733766233766235,0.14449257212517297
1,0,A1,0.7666666666666667,0.725,0.90625,0.8055555555555556,0.6071428571428571,0.5433239299507642,0.8370535714285714,0.16902586195219038
1,0,A2,0.7666666666666667,0.725,0.90625,0.8055555555555556,0.6071428571428571,0.5433239299507642,0.8459821428571428,0.16721820194165204
1,0,A3 (LA-DPS),0.7666666666666667,0.725,0.90625,0.8055555555555556,0.6071428571428571,0.5433239299507642,0.8448660714285714,0.1693242877615086
1,0,LR (tuned),0.75,0.717948717948718,0.875,0.7887323943661971,0.6071428571428571,0.5042986332124733,0.8370535714285715,0.15963525565238737
1,0,DT (tuned),0.75,0.7297297297297297,0.84375,0.782608695652174,0.6428571428571429,0.49930705718126556,0.75,0.21128429214007408
1,0,RF (tuned),0.7666666666666667,0.725,0.90625,0.8055555555555556,0.6071428571428571,0.5433239299507642,0.8482142857142857,0.15440870195794432
1,0,XGB (tuned),0.7666666666666667,0.75,0.84375,0.7941176470588235,0.6785714285714286,0.5319061074502314,0.8448660714285714,0.14869914948940277
1,0,NB (tuned),0.7833333333333333,0.7435897435897436,0.90625,0.8169014084507042,0.6428571428571429,0.5743401100475389,0.8381696428571429,0.19630120561076178
1,0,KNN (tuned),0.7,0.675,0.84375,0.75,0.5357142857142857,0.40158725257230393,0.828125,0.17297502220801692
1,1,A1,0.8524590163934426,0.9615384615384616,0.7575757575757576,0.847457627118644,0.9642857142857143,0.7273930582865898,0.9404761904761905,0.10664973770842075
1,1,A2,0.8524590163934426,0.9615384615384616,0.7575757575757576,0.847457627118644,0.9642857142857143,0.7273930582865898,0.9458874458874459,0.10808625514825188
1,1,A3 (LA-DPS),0.8524590163934426,0.9615384615384616,0.7575757575757576,0.847457627118644,0.9642857142857143,0.7273930582865898,0.9448051948051949,0.10912312883761614
1,1,LR (tuned),0.8852459016393442,0.9642857142857143,0.8181818181818182,0.8852459016393442,0.9642857142857143,0.7824675324675324,0.9534632034632035,0.1007219414299029
1,1,DT (tuned),0.7704918032786885,0.7714285714285715,0.8181818181818182,0.7941176470588235,0.7142857142857143,0.5365478031139463,0.8354978354978355,0.17614103626874578
1,1,RF (tuned),0.8360655737704918,0.96,0.7272727272727273,0.8275862068965517,0.9642857142857143,0.700718555132154,0.9361471861471861,0.11883230997938857
1,1,XGB (tuned),0.819672131147541,0.9230769230769231,0.7272727272727273,0.8135593220338984,0.9285714285714286,0.6608698550549827,0.9437229437229437,0.10940904170274734
1,1,NB (tuned),0.8524590163934426,0.9615384615384616,0.7575757575757576,0.847457627118644,0.9642857142857143,0.7273930582865898,0.9264069264069265,0.12886427241454498
1,1,KNN (tuned),0.8524590163934426,0.9,0.8181818181818182,0.8571428571428571,0.8928571428571429,0.7087415755146639,0.9318181818181818,0.11171373660648007
1,2,A1,0.85,0.8333333333333334,0.9090909090909091,0.8695652173913043,0.7777777777777778,0.6975184488828855,0.9349046015712682,0.12066474351166386
1,2,A2,0.85,0.8333333333333334,0.9090909090909091,0.8695652173913043,0.7777777777777778,0.6975184488828855,0.9427609427609427,0.11412300544470752
1,2,A3 (LA-DPS),0.85,0.8333333333333334,0.9090909090909091,0.8695652173913043,0.7777777777777778,0.6975184488828855,0.9427609427609427,0.11412300544470752
1,2,LR (tuned),0.8333333333333334,0.8285714285714286,0.8787878787878788,0.8529411764705882,0.7777777777777778,0.6625413488689132,0.9405162738496072,0.10577675649938208
1,2,DT (tuned),0.8333333333333334,0.8108108108108109,0.9090909090909091,0.8571428571428571,0.7407407407407407,0.6649284750350865,0.824354657687991,0.15305604260883235
1,2,RF (tuned),0.8666666666666667,0.8378378378378378,0.9393939393939394,0.8857142857142857,0.7777777777777778,0.7338329802200695,0.9315375982042648,0.10718286597513016
1,2,XGB (tuned),0.8,0.8,0.8484848484848485,0.8235294117647058,0.7407407407407407,0.5945883900105631,0.9001122334455667,0.13589826226234436
1,2,NB (tuned),0.85,0.8529411764705882,0.8787878787878788,0.8656716417910447,0.8148148148148148,0.6963434431202348,0.9472502805836138,0.1129641715976961
1,2,KNN (tuned),0.8166666666666667,0.7894736842105263,0.9090909090909091,0.8450704225352113,0.7037037037037037,0.6326312661279128,0.9124579124579124,0.12118545830531696
1,3,A1,0.8666666666666667,0.8571428571428571,0.9090909090909091,0.8823529411764706,0.8148148148148148,0.7304943077272633,0.9135802469135803,0.10128904908591427
1,3,A2,0.8666666666666667,0.8378378378378378,0.9393939393939394,0.8857142857142857,0.7777777777777778,0.7338329802200695,0.9124579124579124,0.09822759914099195
1,3,A3 (LA-DPS),0.8833333333333333,0.8421052631578947,0.9696969696969697,0.9014084507042254,0.7777777777777778,0.7716711048373441,0.9079685746352413,0.09776202613091724
1,3,LR (tuned),0.8833333333333333,0.8421052631578947,0.9696969696969697,0.9014084507042254,0.7777777777777778,0.7716711048373441,0.9225589225589226,0.11181177910883171
1,3,DT (tuned),0.8166666666666667,0.84375,0.8181818181818182,0.8307692307692308,0.8148148148148148,0.6312279884865479,0.8355780022446689,0.15535812117730438
1,3,RF (tuned),0.8666666666666667,0.8571428571428571,0.9090909090909091,0.8823529411764706,0.8148148148148148,0.7304943077272633,0.910213243546577,0.11960854768747259
1,3,XGB (tuned),0.8333333333333334,0.8108108108108109,0.9090909090909091,0.8571428571428571,0.7407407407407407,0.6649284750350865,0.9057239057239057,0.11703556030988693
1,3,NB (tuned),0.9,0.8857142857142857,0.9393939393939394,0.9117647058823529,0.8518518518518519,0.7984472665856134,0.9382716049382717,0.09831732648923502
1,3,KNN (tuned),0.8333333333333334,0.7948717948717948,0.9393939393939394,0.8611111111111112,0.7037037037037037,0.6707702909835204,0.9113355780022446,0.12247157610039783
1,4,A1,0.8688524590163934,0.8571428571428571,0.9090909090909091,0.8823529411764706,0.8214285714285714,0.7361174128087679,0.9188311688311688,0.1100689686778877
1,4,A2,0.9016393442622951,0.8857142857142857,0.9393939393939394,0.9117647058823529,0.8571428571428571,0.8026406160403751,0.9123376623376623,0.10057230806487133
1,4,A3 (LA-DPS),0.9016393442622951,0.8857142857142857,0.9393939393939394,0.9117647058823529,0.8571428571428571,0.8026406160403751,0.9307359307359307,0.10265410642000729
1,4,LR (tuned),0.9180327868852459,0.8888888888888888,0.9696969696969697,0.927536231884058,0.8571428571428571,0.8377918249154391,0.9296536796536796,0.1024842166161982
1,4,DT (tuned),0.819672131147541,0.8055555555555556,0.8787878787878788,0.8405797101449275,0.75,0.6371165579527096,0.8430735930735931,0.1460434971156525
1,4,RF (tuned),0.8524590163934426,0.8529411764705882,0.8787878787878788,0.8656716417910447,0.8214285714285714,0.7025010124044243,0.9274891774891776,0.12379609857053059
1,4,XGB (tuned),0.819672131147541,0.8235294117647058,0.8484848484848485,0.835820895522388,0.7857142857142857,0.6362683048979794,0.9112554112554113,0.12101337313652039
1,4,NB (tuned),0.8688524590163934,0.8787878787878788,0.8787878787878788,0.8787878787878788,0.8571428571428571,0.7359307359307359,0.9177489177489178,0.10636450060649678
1,4,KNN (tuned),0.8852459016393442,0.8421052631578947,0.9696969696969697,0.9014084507042254,0.7857142857142857,0.776718627563389,0.9112554112554112,0.11936702211883178
2,0,A1,0.7833333333333333,0.7567567567567568,0.875,0.8115942028985508,0.6785714285714286,0.5680190375273113,0.8504464285714286,0.156865532455493
2,0,A2,0.7666666666666667,0.7647058823529411,0.8125,0.7878787878787878,0.7142857142857143,0.5303491306562569,0.8772321428571429,0.15227965189227655
2,0,A3 (LA-DPS),0.75,0.7428571428571429,0.8125,0.7761194029850746,0.6785714285714286,0.4969293465978882,0.8828125,0.15052617038803867
2,0,LR (tuned),0.7833333333333333,0.7714285714285715,0.84375,0.8059701492537313,0.7142857142857143,0.5646924393157821,0.8794642857142857,0.14742048344071282
2,0,DT (tuned),0.7833333333333333,0.8064516129032258,0.78125,0.7936507936507936,0.7857142857142857,0.5660175036135799,0.8231026785714286,0.16945128923051425
2,0,RF (tuned),0.7833333333333333,0.7714285714285715,0.84375,0.8059701492537313,0.7142857142857143,0.5646924393157821,0.875,0.14304929289956098
2,0,XGB (tuned),0.7666666666666667,0.7647058823529411,0.8125,0.7878787878787878,0.7142857142857143,0.5303491306562569,0.8917410714285714,0.14457157254219055
2,0,NB (tuned),0.8,0.8333333333333334,0.78125,0.8064516129032258,0.8214285714285714,0.6013377943029549,0.875,0.17139500366812832
2,0,KNN (tuned),0.8,0.7777777777777778,0.875,0.8235294117647058,0.7142857142857143,0.600099198148979,0.8275669642857142,0.16255144032921814
2,1,A1,0.7666666666666667,0.7317073170731707,0.9090909090909091,0.8108108108108109,0.5925925925925926,0.5365373282078015,0.8866442199775533,0.15090762491255577
2,1,A2,0.7833333333333333,0.75,0.9090909090909091,0.821917808219178,0.6296296296296297,0.5685352436149611,0.8945005611672278,0.14984775800545816
2,1,A3 (LA-DPS),0.7833333333333333,0.75,0.9090909090909091,0.821917808219178,0.6296296296296297,0.5685352436149611,0.9023569023569024,0.14535817429154177
2,1,LR (tuned),0.75,0.7142857142857143,0.9090909090909091,0.8,0.5555555555555556,0.5044296328024895,0.8877665544332212,0.15610747155804147
2,1,DT (tuned),0.8333333333333334,0.8108108108108109,0.9090909090909091,0.8571428571428571,0.7407407407407407,0.6649284750350865,0.8338945005611672,0.14469034370694608
2,1,RF (tuned),0.8,0.7692307692307693,0.9090909090909091,0.8333333333333334,0.6666666666666666,0.6005325641789633,0.9068462401795736,0.13745619973547676
2,1,XGB (tuned),0.7666666666666667,0.7435897435897436,0.8787878787878788,0.8055555555555556,0.6296296296296297,0.5302948373744062,0.8855218855218855,0.16057977080345154
2,1,NB (tuned),0.7833333333333333,0.7631578947368421,0.8787878787878788,0.8169014084507042,0.6666666666666666,0.5631113467731971,0.8742985409652076,0.1736596835654724
2,1,KNN (tuned),0.7166666666666667,0.6818181818181818,0.9090909090909091,0.7792207792207793,0.48148148148148145,0.4393939393939394,0.8597081930415265,0.16602418745275888
2,2,A1,0.9344262295081968,0.9393939393939394,0.9393939393939394,0.9393939393939394,0.9285714285714286,0.8679653679653679,0.985930735930736,0.05989532266630479
2,2,A2,0.9344262295081968,0.9142857142857143,0.9696969696969697,0.9411764705882353,0.8928571428571429,0.8691638192719822,0.9837662337662338,0.0582562252690654
2,2,A3 (LA-DPS),0.9508196721311475,0.9411764705882353,0.9696969696969697,0.9552238805970149,0.9285714285714286,0.9011991349237591,0.9837662337662338,0.05774335750148132
2,2,LR (tuned),0.9508196721311475,0.9411764705882353,0.9696969696969697,0.9552238805970149,0.9285714285714286,0.9011991349237591,0.9880952380952381,0.06266803926342672
2,2,DT (tuned),0.8524590163934426,0.8333333333333334,0.9090909090909091,0.8695652173913043,0.7857142857142857,0.7040083136069528,0.9053030303030304,0.1307400539853976
2,2,RF (tuned),0.9672131147540983,0.9428571428571428,1.0,0.9705882352941176,0.9285714285714286,0.9356870225035894,0.987012987012987,0.08308042739362768
2,2,XGB (tuned),0.9508196721311475,0.9166666666666666,1.0,0.9565217391304348,0.8928571428571429,0.9046835805696823,0.9945887445887447,0.05858524516224861
2,2,NB (tuned),0.9344262295081968,0.9142857142857143,0.9696969696969697,0.9411764705882353,0.8928571428571429,0.8691638192719822,0.9783549783549784,0.05550219713529986
2,2,KNN (tuned),0.9016393442622951,0.8648648648648649,0.9696969696969697,0.9142857142857143,0.8214285714285714,0.8070025526620842,0.9599567099567099,0.08938495456560144
2,3,A1,0.9,0.9090909090909091,0.9090909090909091,0.9090909090909091,0.8888888888888888,0.797979797979798,0.9393939393939394,0.09073147574749126
2,3,A2,0.8833333333333333,0.90625,0.8787878787878788,0.8923076923076924,0.8888888888888888,0.7655318158241113,0.9483726150392817,0.0897468653710254
2,3,A3 (LA-DPS),0.8833333333333333,0.90625,0.8787878787878788,0.8923076923076924,0.8888888888888888,0.7655318158241113,0.9450056116722784,0.09367577595666728
2,3,LR (tuned),0.9,0.9090909090909091,0.9090909090909091,0.9090909090909091,0.8888888888888888,0.797979797979798,0.957351290684624,0.08977746539546377
2,3,DT (tuned),0.7666666666666667,0.7714285714285715,0.8181818181818182,0.7941176470588235,0.7037037037037037,0.526635431152213,0.8630751964085298,0.16209526015410755
2,3,RF (tuned),0.8666666666666667,0.8571428571428571,0.9090909090909091,0.8823529411764706,0.8148148148148148,0.7304943077272633,0.9315375982042648,0.11437948851047128
2,3,XGB (tuned),0.8666666666666667,0.8571428571428571,0.9090909090909091,0.8823529411764706,0.8148148148148148,0.7304943077272633,0.9270482603815937,0.10929231345653534
2,3,NB (tuned),0.9166666666666666,0.9375,0.9090909090909091,0.9230769230769231,0.9259259259259259,0.832683729492893,0.9517396184062852,0.083379795423893
2,3,KNN (tuned),0.8833333333333333,0.90625,0.8787878787878788,0.8923076923076924,0.8888888888888888,0.7655318158241113,0.9438832772166106,0.1014944120014103
2,4,A1,0.8360655737704918,0.8484848484848485,0.8484848484848485,0.8484848484848485,0.8214285714285714,0.6699134199134199,0.8939393939393939,0.11636703459879243
2,4,A2,0.819672131147541,0.84375,0.8181818181818182,0.8307692307692308,0.8214285714285714,0.6382304303121595,0.8993506493506493,0.12262617378589077
2,4,A3 (LA-DPS),0.819672131147541,0.84375,0.8181818181818182,0.8307692307692308,0.8214285714285714,0.6382304303121595,0.9015151515151515,0.12342296503854737
2,4,LR (tuned),0.8688524590163934,0.8571428571428571,0.9090909090909091,0.8823529411764706,0.8214285714285714,0.7361174128087679,0.8917748917748918,0.13007980786338846
2,4,DT (tuned),0.819672131147541,0.8235294117647058,0.8484848484848485,0.835820895522388,0.7857142857142857,0.6362683048979794,0.8436147186147187,0.15992119800487345
2,4,RF (tuned),0.7868852459016393,0.8571428571428571,0.7272727272727273,0.7868852459016393,0.8571428571428571,0.5844155844155844,0.8977272727272727,0.13446393442622953
2,4,XGB (tuned),0.8032786885245902,0.8620689655172413,0.7575757575757576,0.8064516129032258,0.8571428571428571,0.6133923594201466,0.9025974025974026,0.13048499822616577
2,4,NB (tuned),0.8360655737704918,0.8709677419354839,0.8181818181818182,0.84375,0.8571428571428571,0.673142683593836,0.8917748917748919,0.1437490107358941
2,4,KNN (tuned),0.8360655737704918,0.8285714285714286,0.8787878787878788,0.8529411764705882,0.7857142857142857,0.6695942095771606,0.8831168831168832,0.13257344966346457
3,0,A1,0.85,0.8484848484848485,0.875,0.8615384615384616,0.8214285714285714,0.6983799021553296,0.9229910714285714,0.10981263107230517
3,0,A2,0.8666666666666667,0.875,0.875,0.875,0.8571428571428571,0.7321428571428571,0.9252232142857142,0.10516498322605566
3,0,A3 (LA-DPS),0.8666666666666667,0.875,0.875,0.875,0.8571428571428571,0.7321428571428571,0.9274553571428572,0.10302013914482526
3,0,LR (tuned),0.85,0.8484848484848485,0.875,0.8615384615384616,0.8214285714285714,0.6983799021553296,0.9363839285714286,0.10353605683238774
3,0,DT (tuned),0.8333333333333334,0.8666666666666667,0.8125,0.8387096774193549,0.8571428571428571,0.6681531047810609,0.8738839285714286,0.14679533956545007
3,0,RF (tuned),0.8333333333333334,0.84375,0.84375,0.84375,0.8214285714285714,0.6651785714285714,0.9207589285714286,0.12247084167170123
3,0,XGB (tuned),0.8833333333333333,0.9310344827586207,0.84375,0.8852459016393442,0.9285714285714286,0.7710317175208609,0.9386160714285714,0.09845246374607086
3,0,NB (tuned),0.8333333333333334,0.8928571428571429,0.78125,0.8333333333333334,0.8928571428571429,0.6741071428571429,0.9252232142857143,0.1272317056453951
3,0,KNN (tuned),0.8333333333333334,0.8235294117647058,0.875,0.8484848484848485,0.7857142857142857,0.6651836553993731,0.9118303571428571,0.12442796265874906
3,1,A1,0.9016393442622951,0.8857142857142857,0.9393939393939394,0.9117647058823529,0.8571428571428571,0.8026406160403751,0.9253246753246753,0.09632573937445774
3,1,A2,0.8688524590163934,0.8787878787878788,0.8787878787878788,0.8787878787878788,0.8571428571428571,0.7359307359307359,0.9339826839826839,0.09990339553492338
3,1,A3 (LA-DPS),0.8524590163934426,0.8529411764705882,0.8787878787878788,0.8656716417910447,0.8214285714285714,0.7025010124044243,0.9296536796536797,0.1017449523828295
3,1,LR (tuned),0.8688524590163934,0.8378378378378378,0.9393939393939394,0.8857142857142857,0.7857142857142857,0.7396603423852208,0.9285714285714286,0.11084424957425676
3,1,DT (tuned),0.8688524590163934,0.8571428571428571,0.9090909090909091,0.8823529411764706,0.8214285714285714,0.7361174128087679,0.8933982683982684,0.11804543768125286
3,1,RF (tuned),0.8688524590163934,0.8571428571428571,0.9090909090909091,0.8823529411764706,0.8214285714285714,0.7361174128087679,0.948051948051948,0.1072611874548398
3,1,XGB (tuned),0.8852459016393442,0.8823529411764706,0.9090909090909091,0.8955223880597015,0.8571428571428571,0.7687337199108693,0.9372294372294372,0.1003701463341713
3,1,NB (tuned),0.8524590163934426,0.8529411764705882,0.8787878787878788,0.8656716417910447,0.8214285714285714,0.7025010124044243,0.9155844155844156,0.12381271907804149
3,1,KNN (tuned),0.8688524590163934,0.8378378378378378,0.9393939393939394,0.8857142857142857,0.7857142857142857,0.7396603423852208,0.9047619047619048,0.12185445719089072
3,2,A1,0.9,0.8648648648648649,0.9696969696969697,0.9142857142857143,0.8148148148148148,0.8027374854050526,0.9382716049382716,0.09125272805682712
3,2,A2,0.9166666666666666,0.8888888888888888,0.9696969696969697,0.927536231884058,0.8518518518518519,0.8342867721932552,0.9461279461279462,0.0859515484216382
3,2,A3 (LA-DPS),0.9,0.8648648648648649,0.9696969696969697,0.9142857142857143,0.8148148148148148,0.8027374854050526,0.9461279461279462,0.09269818366641797
3,2,LR (tuned),0.8833333333333333,0.8611111111111112,0.9393939393939394,0.8985507246376812,0.8148148148148148,0.7659026105380703,0.9248035914702581,0.10574454743285269
3,2,DT (tuned),0.8,0.8387096774193549,0.7878787878787878,0.8125,0.8148148148148148,0.6000059924121083,0.8731762065095399,0.15163759487840978
3,2,RF (tuned),0.8666666666666667,0.8787878787878788,0.8787878787878788,0.8787878787878788,0.8518518518518519,0.7306397306397306,0.9494949494949495,0.09460166666666667
3,2,XGB (tuned),0.9,0.8648648648648649,0.9696969696969697,0.9142857142857143,0.8148148148148148,0.8027374854050526,0.9270482603815937,0.0996791198849678
3,2,NB (tuned),0.9,0.8857142857142857,0.9393939393939394,0.9117647058823529,0.8518518518518519,0.7984472665856134,0.9326599326599326,0.08310012666785609
3,2,KNN (tuned),0.8666666666666667,0.8571428571428571,0.9090909090909091,0.8823529411764706,0.8148148148148148,0.7304943077272633,0.930415263748597,0.10252578769194044
3,3,A1,0.8166666666666667,0.7894736842105263,0.9090909090909091,0.8450704225352113,0.7037037037037037,0.6326312661279128,0.8619528619528619,0.14804086280200215
3,3,A2,0.8333333333333334,0.8108108108108109,0.9090909090909091,0.8571428571428571,0.7407407407407407,0.6649284750350865,0.877665544332211,0.1397319171889231
3,3,A3 (LA-DPS),0.8,0.7837837837837838,0.8787878787878788,0.8285714285714286,0.7037037037037037,0.5960239698501034,0.8787878787878788,0.14309838821536355
3,3,LR (tuned),0.8333333333333334,0.7948717948717948,0.9393939393939394,0.8611111111111112,0.7037037037037037,0.6707702909835204,0.8787878787878788,0.13551059449232603
3,3,DT (tuned),0.8166666666666667,0.7894736842105263,0.9090909090909091,0.8450704225352113,0.7037037037037037,0.6326312661279128,0.7867564534231202,0.1762921185222455
3,3,RF (tuned),0.8333333333333334,0.8108108108108109,0.9090909090909091,0.8571428571428571,0.7407407407407407,0.6649284750350865,0.8821548821548821,0.13924612193809038
3,3,XGB (tuned),0.7666666666666667,0.7435897435897436,0.8787878787878788,0.8055555555555556,0.6296296296296297,0.5302948373744062,0.867564534231201,0.14992326498031616
3,3,NB (tuned),0.8,0.8,0.8484848484848485,0.8235294117647058,0.7407407407407407,0.5945883900105631,0.8765432098765432,0.17121781860805196
3,3,KNN (tuned),0.7833333333333333,0.75,0.9090909090909091,0.821917808219178,0.6296296296296297,0.5685352436149611,0.8630751964085298,0.1462885021432217
3,4,A1,0.819672131147541,0.7894736842105263,0.9090909090909091,0.8450704225352113,0.7142857142857143,0.6409597843503038,0.9264069264069265,0.11594835810291071
3,4,A2,0.8360655737704918,0.8108108108108109,0.9090909090909091,0.8571428571428571,0.75,0.6723181321083574,0.9015151515151516,0.1241799430449207
3,4,A3 (LA-DPS),0.819672131147541,0.8055555555555556,0.8787878787878788,0.8405797101449275,0.75,0.6371165579527096,0.8993506493506493,0.12895038883526788
3,4,LR (tuned),0.8524590163934426,0.8333333333333334,0.9090909090909091,0.8695652173913043,0.7857142857142857,0.7040083136069528,0.8917748917748918,0.12274136827571397
3,4,DT (tuned),0.8032786885245902,0.7837837837837838,0.8787878787878788,0.8285714285714286,0.7142857142857143,0.6049759218314941,0.7846320346320347,0.18136609884656058
3,4,RF (tuned),0.819672131147541,0.8055555555555556,0.8787878787878788,0.8405797101449275,0.75,0.6371165579527096,0.8928571428571429,0.1321956104496114
3,4,XGB (tuned),0.819672131147541,0.8055555555555556,0.8787878787878788,0.8405797101449275,0.75,0.6371165579527096,0.8852813852813853,0.13544024527072906
3,4,NB (tuned),0.8688524590163934,0.8571428571428571,0.9090909090909091,0.8823529411764706,0.8214285714285714,0.7361174128087679,0.8971861471861472,0.1167108890714798
3,4,KNN (tuned),0.8524590163934426,0.8333333333333334,0.9090909090909091,0.8695652173913043,0.7857142857142857,0.7040083136069528,0.9004329004329005,0.12644526673209985
4,0,A1,0.8166666666666667,0.7560975609756098,0.96875,0.8493150684931506,0.6428571428571429,0.6559304988834465,0.8973214285714285,0.13222696282499952
4,0,A2,0.8333333333333334,0.775,0.96875,0.8611111111111112,0.6785714285714286,0.6850606073292244,0.8883928571428572,0.13305137891252153
4,0,A3 (LA-DPS),0.8166666666666667,0.7692307692307693,0.9375,0.8450704225352113,0.6785714285714286,0.6443815868826047,0.8772321428571429,0.13415102645220692
4,0,LR (tuned),0.8333333333333334,0.7619047619047619,1.0,0.8648648648648649,0.6428571428571429,0.6998542122237652,0.911830357142857,0.12414458311312021
4,0,DT (tuned),0.7833333333333333,0.7435897435897436,0.90625,0.8169014084507042,0.6428571428571429,0.5743401100475389,0.8080357142857143,0.18407319651438817
4,0,RF (tuned),0.8333333333333334,0.7894736842105263,0.9375,0.8571428571428571,0.7142857142857143,0.6747699033149638,0.8895089285714285,0.13651418555853959
4,0,XGB (tuned),0.8333333333333334,0.7894736842105263,0.9375,0.8571428571428571,0.7142857142857143,0.6747699033149638,0.8917410714285715,0.12839217483997345
4,0,NB (tuned),0.8,0.7631578947368421,0.90625,0.8285714285714286,0.6785714285714286,0.6054442283168511,0.8761160714285714,0.16081443326391415
4,0,KNN (tuned),0.8,0.75,0.9375,0.8333333333333334,0.6428571428571429,0.6141922686399942,0.8850446428571429,0.14243830154370876
4,1,A1,0.7213114754098361,0.7352941176470589,0.7575757575757576,0.746268656716418,0.6785714285714286,0.4375701823786445,0.8549783549783551,0.16979672996799547
4,1,A2,0.7377049180327869,0.7741935483870968,0.7272727272727273,0.75,0.75,0.475730646578336,0.8517316017316017,0.17117170524718223
4,1,A3 (LA-DPS),0.7377049180327869,0.7741935483870968,0.7272727272727273,0.75,0.75,0.475730646578336,0.8452380952380952,0.17737208683600694
4,1,LR (tuned),0.8032786885245902,0.8387096774193549,0.7878787878787878,0.8125,0.8214285714285714,0.607338671255336,0.8917748917748918,0.13501315231677913
4,1,DT (tuned),0.6557377049180327,0.7307692307692307,0.5757575757575758,0.6440677966101694,0.75,0.32825383889694687,0.7754329004329004,0.21276377484949152
4,1,RF (tuned),0.7213114754098361,0.7352941176470589,0.7575757575757576,0.746268656716418,0.6785714285714286,0.4375701823786445,0.8387445887445887,0.16211639344262294
4,1,XGB (tuned),0.7540983606557377,0.75,0.8181818181818182,0.782608695652174,0.6785714285714286,0.5033330466442233,0.8484848484848485,0.1627797782421112
4,1,NB (tuned),0.8032786885245902,0.8387096774193549,0.7878787878787878,0.8125,0.8214285714285714,0.607338671255336,0.8636363636363636,0.18235039067879458
4,1,KNN (tuned),0.7540983606557377,0.78125,0.7575757575757576,0.7692307692307693,0.75,0.5064806629719167,0.797077922077922,0.20081977404260037
4,2,A1,0.85,0.875,0.8484848484848485,0.8615384615384616,0.8518518518518519,0.6983799021553296,0.9169472502805835,0.11334228421014794
4,2,A2,0.85,0.875,0.8484848484848485,0.8615384615384616,0.8518518518518519,0.6983799021553296,0.920314253647587,0.10546716551587652
4,2,A3 (LA-DPS),0.85,0.875,0.8484848484848485,0.8615384615384616,0.8518518518518519,0.6983799021553296,0.9270482603815937,0.10548296964186506
4,2,LR (tuned),0.8666666666666667,0.8787878787878788,0.8787878787878788,0.8787878787878788,0.8518518518518519,0.7306397306397306,0.9236812570145904,0.11194388667853551
4,2,DT (tuned),0.85,0.8333333333333334,0.9090909090909091,0.8695652173913043,0.7777777777777778,0.6975184488828855,0.8771043771043772,0.14163217308962434
4,2,RF (tuned),0.8666666666666667,0.9032258064516129,0.8484848484848485,0.875,0.8888888888888888,0.7340855437891157,0.9304152637485971,0.11504495428963386
4,2,XGB (tuned),0.85,0.875,0.8484848484848485,0.8615384615384616,0.8518518518518519,0.6983799021553296,0.920314253647587,0.11279291659593582
4,2,NB (tuned),0.8666666666666667,0.9032258064516129,0.8484848484848485,0.875,0.8888888888888888,0.7340855437891157,0.9214365881032549,0.11752111779004361
4,2,KNN (tuned),0.85,0.8333333333333334,0.9090909090909091,0.8695652173913043,0.7777777777777778,0.6975184488828855,0.9090909090909092,0.11451073555044143
4,3,A1,0.8688524590163934,0.9032258064516129,0.8484848484848485,0.875,0.8928571428571429,0.738946695932336,0.9123376623376623,0.09867726043176764
4,3,A2,0.8852459016393442,0.90625,0.8787878787878788,0.8923076923076924,0.8928571428571429,0.7699801976524022,0.9177489177489178,0.0971007350924472
4,3,A3 (LA-DPS),0.9016393442622951,0.9090909090909091,0.9090909090909091,0.9090909090909091,0.8928571428571429,0.801948051948052,0.9253246753246753,0.0962143253477581
4,3,LR (tuned),0.9016393442622951,0.9090909090909091,0.9090909090909091,0.9090909090909091,0.8928571428571429,0.801948051948052,0.920995670995671,0.10154909188909475
4,3,DT (tuned),0.7868852459016393,0.7941176470588235,0.8181818181818182,0.8059701492537313,0.75,0.5700355973915344,0.8095238095238095,0.1842165474141083
4,3,RF (tuned),0.8524590163934426,0.9,0.8181818181818182,0.8571428571428571,0.8928571428571429,0.7087415755146639,0.9296536796536797,0.11171308581991723
4,3,XGB (tuned),0.8360655737704918,0.896551724137931,0.7878787878787878,0.8387096774193549,0.8928571428571429,0.6792672430902679,0.8798701298701299,0.13031788170337677
4,3,NB (tuned),0.9016393442622951,0.9354838709677419,0.8787878787878788,0.90625,0.9285714285714286,0.804750708270836,0.9166666666666667,0.09513669559623927
4,3,KNN (tuned),0.8524590163934426,0.8529411764705882,0.8787878787878788,0.8656716417910447,0.8214285714285714,0.7025010124044243,0.922077922077922,0.10926531082886712
4,4,A1,0.8666666666666667,0.8571428571428571,0.9090909090909091,0.8823529411764706,0.8148148148148148,0.7304943077272633,0.9450056116722784,0.0875911270244488
4,4,A2,0.9,0.9090909090909091,0.9090909090909091,0.9090909090909091,0.8888888888888888,0.797979797979798,0.9595959595959596,0.08206747114081359
4,4,A3 (LA-DPS),0.9,0.9090909090909091,0.9090909090909091,0.9090909090909091,0.8888888888888888,0.797979797979798,0.9584736251402918,0.08167245338821781
4,4,LR (tuned),0.8833333333333333,0.8823529411764706,0.9090909090909091,0.8955223880597015,0.8518518518518519,0.7639496026464712,0.9438832772166105,0.09284294912441969
4,4,DT (tuned),0.8,0.8620689655172413,0.7575757575757576,0.8064516129032258,0.8518518518518519,0.6067099699809587,0.8900112233445566,0.14819281120956782
4,4,RF (tuned),0.9166666666666666,0.8888888888888888,0.9696969696969697,0.927536231884058,0.8518518518518519,0.8342867721932552,0.957351290684624,0.09846872123631552
4,4,XGB (tuned),0.85,0.8529411764705882,0.8787878787878788,0.8656716417910447,0.8148148148148148,0.6963434431202348,0.9450056116722784,0.09677012264728546
4,4,NB (tuned),0.9,0.9090909090909091,0.9090909090909091,0.9090909090909091,0.8888888888888888,0.797979797979798,0.9517396184062851,0.08131423506568612
4,4,KNN (tuned),0.8666666666666667,0.8378378378378378,0.9393939393939394,0.8857142857142857,0.7777777777777778,0.7338329802200695,0.9427609427609428,0.10389150468888439
5,0,A1,0.8305084745762712,0.84375,0.84375,0.84375,0.8148148148148148,0.6585648148148148,0.8738425925925927,0.13902126754397412
5,0,A2,0.8305084745762712,0.84375,0.84375,0.84375,0.8148148148148148,0.6585648148148148,0.892361111111111,0.13485952241338164
5,0,A3 (LA-DPS),0.8305084745762712,0.84375,0.84375,0.84375,0.8148148148148148,0.6585648148148148,0.8865740740740741,0.13584247924529658
5,0,LR (tuned),0.847457627118644,0.8484848484848485,0.875,0.8615384615384616,0.8148148148148148,0.6922225527280919,0.8912037037037038,0.12953144905147262
5,0,DT (tuned),0.8305084745762712,0.8055555555555556,0.90625,0.8529411764705882,0.7407407407407407,0.6609061120751951,0.8373842592592593,0.1493505639628964
5,0,RF (tuned),0.8135593220338984,0.8181818181818182,0.84375,0.8307692307692308,0.7777777777777778,0.6236971657969552,0.8807870370370371,0.13830664455982275
5,0,XGB (tuned),0.8135593220338984,0.8181818181818182,0.84375,0.8307692307692308,0.7777777777777778,0.6236971657969552,0.8715277777777778,0.14083409309387207
5,0,NB (tuned),0.8135593220338984,0.8387096774193549,0.8125,0.8253968253968254,0.8148148148148148,0.6258677198890453,0.8981481481481481,0.1606077877369969
5,0,KNN (tuned),0.7966101694915254,0.7941176470588235,0.84375,0.8181818181818182,0.7407407407407407,0.5892845353617875,0.8506944444444444,0.15165157900173143
5,1,A1,0.9016393442622951,0.8648648648648649,0.9696969696969697,0.9142857142857143,0.8214285714285714,0.8070025526620842,0.9512987012987013,0.08691811869477135
5,1,A2,0.8852459016393442,0.8421052631578947,0.9696969696969697,0.9014084507042254,0.7857142857142857,0.776718627563389,0.9448051948051949,0.09220553849051936
5,1,A3 (LA-DPS),0.8852459016393442,0.8421052631578947,0.9696969696969697,0.9014084507042254,0.7857142857142857,0.776718627563389,0.946969696969697,0.09482620222220314
5,1,LR (tuned),0.8852459016393442,0.8421052631578947,0.9696969696969697,0.9014084507042254,0.7857142857142857,0.776718627563389,0.9393939393939394,0.10034048903174042
5,1,DT (tuned),0.7213114754098361,0.7857142857142857,0.6666666666666666,0.7213114754098361,0.7857142857142857,0.4523809523809524,0.7895021645021645,0.20419175309915255
5,1,RF (tuned),0.9016393442622951,0.8857142857142857,0.9393939393939394,0.9117647058823529,0.8571428571428571,0.8026406160403751,0.9512987012987013,0.10561367746578168
5,1,XGB (tuned),0.8688524590163934,0.8571428571428571,0.9090909090909091,0.8823529411764706,0.8214285714285714,0.7361174128087679,0.9512987012987013,0.09494169056415558
5,1,NB (tuned),0.9016393442622951,0.8857142857142857,0.9393939393939394,0.9117647058823529,0.8571428571428571,0.8026406160403751,0.9285714285714286,0.09715936637384183
5,1,KNN (tuned),0.819672131147541,0.7894736842105263,0.9090909090909091,0.8450704225352113,0.7142857142857143,0.6409597843503038,0.9318181818181819,0.11001462407517834
5,2,A1,0.8166666666666667,0.7894736842105263,0.9090909090909091,0.8450704225352113,0.7037037037037037,0.6326312661279128,0.9001122334455668,0.12925444440843611
5,2,A2,0.8,0.7692307692307693,0.9090909090909091,0.8333333333333334,0.6666666666666666,0.6005325641789633,0.9079685746352413,0.12619783210008576
5,2,A3 (LA-DPS),0.8,0.7692307692307693,0.9090909090909091,0.8333333333333334,0.6666666666666666,0.6005325641789633,0.9090909090909091,0.1257164547646855
5,2,LR (tuned),0.8,0.7560975609756098,0.9393939393939394,0.8378378378378378,0.6296296296296297,0.6085557615242849,0.90347923681257,0.12526699678872794
5,2,DT (tuned),0.65,0.6875,0.6666666666666666,0.676923076923077,0.6296296296296297,0.29546842014263947,0.7766554433221101,0.20800706108678554
5,2,RF (tuned),0.7666666666666667,0.7567567567567568,0.8484848484848485,0.8,0.6666666666666666,0.5271194646651204,0.8956228956228955,0.13688908680129858
5,2,XGB (tuned),0.8333333333333334,0.7948717948717948,0.9393939393939394,0.8611111111111112,0.7037037037037037,0.6707702909835204,0.8731762065095399,0.13860706984996796
5,2,NB (tuned),0.8333333333333334,0.8108108108108109,0.9090909090909091,0.8571428571428571,0.7407407407407407,0.6649284750350865,0.9068462401795735,0.13459307403428405
5,2,KNN (tuned),0.8166666666666667,0.775,0.9393939393939394,0.8493150684931506,0.6666666666666666,0.6396021490668312,0.8686868686868687,0.146825797005278
5,3,A1,0.8360655737704918,0.896551724137931,0.7878787878787878,0.8387096774193549,0.8928571428571429,0.6792672430902679,0.9285714285714286,0.10944079180353931
5,3,A2,0.819672131147541,0.8928571428571429,0.7575757575757576,0.819672131147541,0.8928571428571429,0.6504329004329005,0.9383116883116883,0.10565970438765976
5,3,A3 (LA-DPS),0.8524590163934426,0.9,0.8181818181818182,0.8571428571428571,0.8928571428571429,0.7087415755146639,0.9372294372294373,0.10650512214402043
5,3,LR (tuned),0.9016393442622951,0.9090909090909091,0.9090909090909091,0.9090909090909091,0.8928571428571429,0.801948051948052,0.9448051948051948,0.08749898984784431
5,3,DT (tuned),0.7868852459016393,0.7941176470588235,0.8181818181818182,0.8059701492537313,0.75,0.5700355973915344,0.8787878787878788,0.1506002107582942
5,3,RF (tuned),0.8524590163934426,0.875,0.8484848484848485,0.8615384615384616,0.8571428571428571,0.7041053139822809,0.9372294372294372,0.11123564052069541
5,3,XGB (tuned),0.8524590163934426,0.9,0.8181818181818182,0.8571428571428571,0.8928571428571429,0.7087415755146639,0.9155844155844156,0.13081324100494385
5,3,NB (tuned),0.8688524590163934,0.9032258064516129,0.8484848484848485,0.875,0.8928571428571429,0.738946695932336,0.948051948051948,0.0993335384573591
5,3,KNN (tuned),0.8688524590163934,0.8378378378378378,0.9393939393939394,0.8857142857142857,0.7857142857142857,0.7396603423852208,0.9101731601731602,0.11291059565967486
5,4,A1,0.7868852459016393,0.7777777777777778,0.8484848484848485,0.8115942028985508,0.7142857142857143,0.5702248022984665,0.8863636363636364,0.14652961723465827
5,4,A2,0.8032786885245902,0.8,0.8484848484848485,0.8235294117647058,0.75,0.6030710063455536,0.9080086580086579,0.12631657158836213
5,4,A3 (LA-DPS),0.819672131147541,0.8235294117647058,0.8484848484848485,0.835820895522388,0.7857142857142857,0.6362683048979794,0.9015151515151515,0.1257411979264412
5,4,LR (tuned),0.819672131147541,0.8055555555555556,0.8787878787878788,0.8405797101449275,0.75,0.6371165579527096,0.9025974025974026,0.12301122587092642
5,4,DT (tuned),0.7868852459016393,0.7777777777777778,0.8484848484848485,0.8115942028985508,0.7142857142857143,0.5702248022984665,0.8468614718614719,0.1656472710896745
5,4,RF (tuned),0.7868852459016393,0.8125,0.7878787878787878,0.8,0.7857142857142857,0.5723555466420381,0.8896103896103895,0.13431631863232046
5,4,XGB (tuned),0.8032786885245902,0.7837837837837838,0.8787878787878788,0.8285714285714286,0.7142857142857143,0.6049759218314941,0.8982683982683983,0.12966963648796082
5,4,NB (tuned),0.8360655737704918,0.8484848484848485,0.8484848484848485,0.8484848484848485,0.8214285714285714,0.6699134199134199,0.8917748917748918,0.13981741775770645
5,4,KNN (tuned),0.819672131147541,0.8055555555555556,0.8787878787878788,0.8405797101449275,0.75,0.6371165579527096,0.9069264069264069,0.12212080599403671
6,0,A1,0.8666666666666667,0.875,0.875,0.875,0.8571428571428571,0.7321428571428571,0.9319196428571429,0.10523362968695268
6,0,A2,0.85,0.8709677419354839,0.84375,0.8571428571428571,0.8571428571428571,0.699722425727024,0.9386160714285714,0.10533209280097942
6,0,A3 (LA-DPS),0.85,0.8709677419354839,0.84375,0.8571428571428571,0.8571428571428571,0.699722425727024,0.9419642857142856,0.10555628297081227
6,0,LR (tuned),0.8666666666666667,0.875,0.875,0.875,0.8571428571428571,0.7321428571428571,0.9296875,0.10542700951465662
6,0,DT (tuned),0.8833333333333333,0.9032258064516129,0.875,0.8888888888888888,0.8928571428571429,0.7665748867837461,0.9436383928571428,0.09262762041212959
6,0,RF (tuned),0.8666666666666667,0.9,0.84375,0.8709677419354839,0.8928571428571429,0.734968415259167,0.9419642857142857,0.10551397274138671
6,0,XGB (tuned),0.85,0.8709677419354839,0.84375,0.8571428571428571,0.8571428571428571,0.699722425727024,0.9308035714285714,0.11002756655216217
6,0,NB (tuned),0.8333333333333334,0.8928571428571429,0.78125,0.8333333333333334,0.8928571428571429,0.6741071428571429,0.9308035714285714,0.12952729838408275
6,0,KNN (tuned),0.85,0.8709677419354839,0.84375,0.8571428571428571,0.8571428571428571,0.699722425727024,0.9190848214285714,0.11368662895007867
6,1,A1,0.8666666666666667,0.8378378378378378,0.9393939393939394,0.8857142857142857,0.7777777777777778,0.7338329802200695,0.9158249158249159,0.10553839810522865
6,1,A2,0.8833333333333333,0.8611111111111112,0.9393939393939394,0.8985507246376812,0.8148148148148148,0.7659026105380703,0.9304152637485972,0.0963896673103875
6,1,A3 (LA-DPS),0.8833333333333333,0.8611111111111112,0.9393939393939394,0.8985507246376812,0.8148148148148148,0.7659026105380703,0.9315375982042648,0.09502280515631015
6,1,LR (tuned),0.8666666666666667,0.8378378378378378,0.9393939393939394,0.8857142857142857,0.7777777777777778,0.7338329802200695,0.9259259259259259,0.09977159817807
6,1,DT (tuned),0.8666666666666667,0.8571428571428571,0.9090909090909091,0.8823529411764706,0.8148148148148148,0.7304943077272633,0.910213243546577,0.11331187461568798
6,1,RF (tuned),0.85,0.8333333333333334,0.9090909090909091,0.8695652173913043,0.7777777777777778,0.6975184488828855,0.9158249158249159,0.12510571198123596
6,1,XGB (tuned),0.9,0.8857142857142857,0.9393939393939394,0.9117647058823529,0.8518518518518519,0.7984472665856134,0.9393939393939394,0.09673676639795303
6,1,NB (tuned),0.8833333333333333,0.8611111111111112,0.9393939393939394,0.8985507246376812,0.8148148148148148,0.7659026105380703,0.9225589225589226,0.11349884779666439
6,1,KNN (tuned),0.8333333333333334,0.7948717948717948,0.9393939393939394,0.8611111111111112,0.7037037037037037,0.6707702909835204,0.8956228956228957,0.12469562655403035
6,2,A1,0.8333333333333334,0.8285714285714286,0.8787878787878788,0.8529411764705882,0.7777777777777778,0.6625413488689132,0.867564534231201,0.13604553895897953
6,2,A2,0.8,0.8,0.8484848484848485,0.8235294117647058,0.7407407407407407,0.5945883900105631,0.8597081930415265,0.14836149244263874
6,2,A3 (LA-DPS),0.8,0.8,0.8484848484848485,0.8235294117647058,0.7407407407407407,0.5945883900105631,0.861952861952862,0.14785251760626142
6,2,LR (tuned),0.85,0.8333333333333334,0.9090909090909091,0.8695652173913043,0.7777777777777778,0.6975184488828855,0.8630751964085298,0.14565409772725146
6,2,DT (tuned),0.7666666666666667,0.7567567567567568,0.8484848484848485,0.8,0.6666666666666666,0.5271194646651204,0.8024691358024691,0.19921320951128643
6,2,RF (tuned),0.8166666666666667,0.8235294117647058,0.8484848484848485,0.835820895522388,0.7777777777777778,0.6287372835939984,0.861952861952862,0.1484656100963246
6,2,XGB (tuned),0.8166666666666667,0.8055555555555556,0.8787878787878788,0.8405797101449275,0.7407407407407407,0.6291342872277006,0.861952861952862,0.1409880816936493
6,2,NB (tuned),0.7666666666666667,0.8064516129032258,0.7575757575757576,0.78125,0.7777777777777778,0.5329662167236046,0.8383838383838385,0.17614652556390856
6,2,KNN (tuned),0.7666666666666667,0.7567567567567568,0.8484848484848485,0.8,0.6666666666666666,0.5271194646651204,0.8496071829405163,0.15546729587443323
6,3,A1,0.7868852459016393,0.7631578947368421,0.8787878787878788,0.8169014084507042,0.6785714285714286,0.5730803627437612,0.9101731601731602,0.13414649391937894
6,3,A2,0.8360655737704918,0.8108108108108109,0.9090909090909091,0.8571428571428571,0.75,0.6723181321083574,0.9177489177489178,0.12172523484383828
6,3,A3 (LA-DPS),0.8360655737704918,0.8108108108108109,0.9090909090909091,0.8571428571428571,0.75,0.6723181321083574,0.9231601731601732,0.11925548750588474
6,3,LR (tuned),0.8524590163934426,0.8333333333333334,0.9090909090909091,0.8695652173913043,0.7857142857142857,0.7040083136069528,0.9296536796536796,0.10779881492624485
6,3,DT (tuned),0.7377049180327869,0.7297297297297297,0.8181818181818182,0.7714285714285715,0.6428571428571429,0.47029150127776725,0.8024891774891776,0.20513386165432737
6,3,RF (tuned),0.8360655737704918,0.8108108108108109,0.9090909090909091,0.8571428571428571,0.75,0.6723181321083574,0.893939393939394,0.13152585177981144
6,3,XGB (tuned),0.819672131147541,0.7894736842105263,0.9090909090909091,0.8450704225352113,0.7142857142857143,0.6409597843503038,0.8863636363636365,0.1348133236169815
6,3,NB (tuned),0.8688524590163934,0.8571428571428571,0.9090909090909091,0.8823529411764706,0.8214285714285714,0.7361174128087679,0.933982683982684,0.11060305020147847
6,3,KNN (tuned),0.8360655737704918,0.7948717948717948,0.9393939393939394,0.8611111111111112,0.7142857142857143,0.678355435247432,0.9025974025974025,0.12838365079694683
6,4,A1,0.8524590163934426,0.8529411764705882,0.8787878787878788,0.8656716417910447,0.8214285714285714,0.7025010124044243,0.9264069264069265,0.10987076224857063
6,4,A2,0.8688524590163934,0.8571428571428571,0.9090909090909091,0.8823529411764706,0.8214285714285714,0.7361174128087679,0.9274891774891776,0.10944606740324624
6,4,A3 (LA-DPS),0.8688524590163934,0.8571428571428571,0.9090909090909091,0.8823529411764706,0.8214285714285714,0.7361174128087679,0.9264069264069265,0.10957079380548185
6,4,LR (tuned),0.8524590163934426,0.8529411764705882,0.8787878787878788,0.8656716417910447,0.8214285714285714,0.7025010124044243,0.9285714285714286,0.10869145640762651
6,4,DT (tuned),0.8688524590163934,0.8571428571428571,0.9090909090909091,0.8823529411764706,0.8214285714285714,0.7361174128087679,0.873917748917749,0.14517429068621984
6,4,RF (tuned),0.8032786885245902,0.8181818181818182,0.8181818181818182,0.8181818181818182,0.7857142857142857,0.6038961038961039,0.9372294372294372,0.11320910126744363
6,4,XGB (tuned),0.8360655737704918,0.8285714285714286,0.8787878787878788,0.8529411764705882,0.7857142857142857,0.6695942095771606,0.9123376623376623,0.12034707516431808
6,4,NB (tuned),0.8524590163934426,0.8333333333333334,0.9090909090909091,0.8695652173913043,0.7857142857142857,0.7040083136069528,0.9296536796536796,0.12498745168259569
6,4,KNN (tuned),0.8032786885245902,0.7837837837837838,0.8787878787878788,0.8285714285714286,0.7142857142857143,0.6049759218314941,0.908008658008658,0.12114507946893024
7,0,A1,0.8833333333333333,0.8378378378378378,0.96875,0.8985507246376812,0.7857142857142857,0.7741549785654485,0.9397321428571429,0.09496883491771195
7,0,A2,0.85,0.8484848484848485,0.875,0.8615384615384616,0.8214285714285714,0.6983799021553296,0.9341517857142857,0.10516856278649242
7,0,A3 (LA-DPS),0.85,0.8484848484848485,0.875,0.8615384615384616,0.8214285714285714,0.6983799021553296,0.9252232142857143,0.11156041722155018
7,0,LR (tuned),0.9,0.8611111111111112,0.96875,0.9117647058823529,0.8214285714285714,0.8046784702452219,0.96875,0.08457292929055567
7,0,DT (tuned),0.6333333333333333,0.6785714285714286,0.59375,0.6333333333333333,0.6785714285714286,0.27232142857142855,0.7170758928571428,0.26833255526362276
7,0,RF (tuned),0.8666666666666667,0.8529411764705882,0.90625,0.8787878787878788,0.8214285714285714,0.7326009177709311,0.9464285714285714,0.1190144131854225
7,0,XGB (tuned),0.8333333333333334,0.8055555555555556,0.90625,0.8529411764705882,0.75,0.6682922888477266,0.9319196428571428,0.115523561835289
7,0,NB (tuned),0.85,0.8484848484848485,0.875,0.8615384615384616,0.8214285714285714,0.6983799021553296,0.9486607142857143,0.10269993232449645
7,0,KNN (tuned),0.8,0.7777777777777778,0.875,0.8235294117647058,0.7142857142857143,0.600099198148979,0.9029017857142858,0.12540111791432296
7,1,A1,0.8360655737704918,0.8285714285714286,0.8787878787878788,0.8529411764705882,0.7857142857142857,0.6695942095771606,0.9090909090909092,0.1226113781565592
7,1,A2,0.8688524590163934,0.8378378378378378,0.9393939393939394,0.8857142857142857,0.7857142857142857,0.7396603423852208,0.9069264069264069,0.11269119493775799
7,1,A3 (LA-DPS),0.8688524590163934,0.8378378378378378,0.9393939393939394,0.8857142857142857,0.7857142857142857,0.7396603423852208,0.9166666666666666,0.11101300500270136
7,1,LR (tuned),0.819672131147541,0.8055555555555556,0.8787878787878788,0.8405797101449275,0.75,0.6371165579527096,0.9123376623376623,0.12289932934428655
7,1,DT (tuned),0.819672131147541,0.8055555555555556,0.8787878787878788,0.8405797101449275,0.75,0.6371165579527096,0.8538961038961039,0.1508660690380233
7,1,RF (tuned),0.819672131147541,0.7894736842105263,0.9090909090909091,0.8450704225352113,0.7142857142857143,0.6409597843503038,0.9025974025974026,0.12715409836065575
7,1,XGB (tuned),0.8688524590163934,0.8571428571428571,0.9090909090909091,0.8823529411764706,0.8214285714285714,0.7361174128087679,0.9112554112554112,0.1162041649222374
7,1,NB (tuned),0.8852459016393442,0.8611111111111112,0.9393939393939394,0.8985507246376812,0.8214285714285714,0.770900069261196,0.922077922077922,0.11624799256280284
7,1,KNN (tuned),0.7704918032786885,0.7567567567567568,0.8484848484848485,0.8,0.6785714285714286,0.5376337115546307,0.8933982683982683,0.1391936916448705
7,2,A1,0.85,0.9,0.8181818181818182,0.8571428571428571,0.8888888888888888,0.7035264706814485,0.9494949494949495,0.09038534671130814
7,2,A2,0.8666666666666667,0.9032258064516129,0.8484848484848485,0.875,0.8888888888888888,0.7340855437891157,0.9539842873176206,0.09192674451450784
7,2,A3 (LA-DPS),0.85,0.875,0.8484848484848485,0.8615384615384616,0.8518518518518519,0.6983799021553296,0.9517396184062851,0.09462512821513076
7,2,LR (tuned),0.8833333333333333,0.8823529411764706,0.9090909090909091,0.8955223880597015,0.8518518518518519,0.7639496026464712,0.9483726150392817,0.09852403771836477
7,2,DT (tuned),0.8333333333333334,0.8285714285714286,0.8787878787878788,0.8529411764705882,0.7777777777777778,0.6625413488689132,0.8793490460157127,0.13715043132215
7,2,RF (tuned),0.85,0.9,0.8181818181818182,0.8571428571428571,0.8888888888888888,0.7035264706814485,0.9472502805836139,0.1086068429662619
7,2,XGB (tuned),0.85,0.8529411764705882,0.8787878787878788,0.8656716417910447,0.8148148148148148,0.6963434431202348,0.9304152637485971,0.10450112819671631
7,2,NB (tuned),0.8833333333333333,0.9333333333333333,0.8484848484848485,0.8888888888888888,0.9259259259259259,0.7705289916987292,0.9539842873176205,0.09343371487668124
7,2,KNN (tuned),0.8333333333333334,0.8484848484848485,0.8484848484848485,0.8484848484848485,0.8148148148148148,0.6632996632996633,0.9371492704826039,0.10411522633744856
7,3,A1,0.7868852459016393,0.7777777777777778,0.8484848484848485,0.8115942028985508,0.7142857142857143,0.5702248022984665,0.8582251082251082,0.1583177135552652
7,3,A2,0.7868852459016393,0.7777777777777778,0.8484848484848485,0.8115942028985508,0.7142857142857143,0.5702248022984665,0.8538961038961039,0.16538477650388952
7,3,A3 (LA-DPS),0.7868852459016393,0.7777777777777778,0.8484848484848485,0.8115942028985508,0.7142857142857143,0.5702248022984665,0.8517316017316018,0.16574502302546684
7,3,LR (tuned),0.7704918032786885,0.7567567567567568,0.8484848484848485,0.8,0.6785714285714286,0.5376337115546307,0.8647186147186148,0.15874626419815313
7,3,DT (tuned),0.7704918032786885,0.7714285714285715,0.8181818181818182,0.7941176470588235,0.7142857142857143,0.5365478031139463,0.8079004329004329,0.19508241326954415
7,3,RF (tuned),0.7704918032786885,0.7714285714285715,0.8181818181818182,0.7941176470588235,0.7142857142857143,0.5365478031139463,0.8506493506493507,0.1557880831457998
7,3,XGB (tuned),0.7704918032786885,0.7878787878787878,0.7878787878787878,0.7878787878787878,0.75,0.5378787878787878,0.8365800865800866,0.16658715903759003
7,3,NB (tuned),0.8032786885245902,0.8,0.8484848484848485,0.8235294117647058,0.75,0.6030710063455536,0.8387445887445887,0.1955488067596941
7,3,KNN (tuned),0.7377049180327869,0.7297297297297297,0.8181818181818182,0.7714285714285715,0.6428571428571429,0.47029150127776725,0.8506493506493507,0.15888295216926
7,4,A1,0.8333333333333334,0.8709677419354839,0.8181818181818182,0.84375,0.8518518518518519,0.667045768100612,0.8821548821548821,0.12267356709116717
7,4,A2,0.8166666666666667,0.84375,0.8181818181818182,0.8307692307692308,0.8148148148148148,0.6312279884865479,0.8945005611672279,0.12071688546235257
7,4,A3 (LA-DPS),0.8166666666666667,0.84375,0.8181818181818182,0.8307692307692308,0.8148148148148148,0.6312279884865479,0.898989898989899,0.11913584704877132
7,4,LR (tuned),0.8333333333333334,0.8484848484848485,0.8484848484848485,0.8484848484848485,0.8148148148148148,0.6632996632996633,0.8787878787878788,0.12824505734497554
7,4,DT (tuned),0.7833333333333333,0.8125,0.7878787878787878,0.8,0.7777777777777778,0.5640760748177662,0.8434343434343434,0.15954379444268244
7,4,RF (tuned),0.85,0.875,0.8484848484848485,0.8615384615384616,0.8518518518518519,0.6983799021553296,0.9046015712682379,0.12263214023130396
7,4,XGB (tuned),0.85,0.9,0.8181818181818182,0.8571428571428571,0.8888888888888888,0.7035264706814485,0.8866442199775533,0.127094566822052
7,4,NB (tuned),0.85,0.875,0.8484848484848485,0.8615384615384616,0.8518518518518519,0.6983799021553296,0.8664421997755332,0.14227566046053328
7,4,KNN (tuned),0.8166666666666667,0.84375,0.8181818181818182,0.8307692307692308,0.8148148148148148,0.6312279884865479,0.8641975308641976,0.13418215226251934
8,0,A1,0.85,0.8484848484848485,0.875,0.8615384615384616,0.8214285714285714,0.6983799021553296,0.9341517857142857,0.11764238487948195
8,0,A2,0.85,0.8285714285714286,0.90625,0.8656716417910447,0.7857142857142857,0.7002186247515697,0.9174107142857143,0.11572053201700054
8,0,A3 (LA-DPS),0.85,0.8285714285714286,0.90625,0.8656716417910447,0.7857142857142857,0.7002186247515697,0.9196428571428571,0.12000874269212036
8,0,LR (tuned),0.8333333333333334,0.8055555555555556,0.90625,0.8529411764705882,0.75,0.6682922888477266,0.8895089285714286,0.13408576951591045
8,0,DT (tuned),0.7,0.675,0.84375,0.75,0.5357142857142857,0.40158725257230393,0.7857142857142857,0.21305283629360894
8,0,RF (tuned),0.85,0.8285714285714286,0.90625,0.8656716417910447,0.7857142857142857,0.7002186247515697,0.9386160714285714,0.11395453584497685
8,0,XGB (tuned),0.8333333333333334,0.8055555555555556,0.90625,0.8529411764705882,0.75,0.6682922888477266,0.9285714285714286,0.12074971944093704
8,0,NB (tuned),0.85,0.8484848484848485,0.875,0.8615384615384616,0.8214285714285714,0.6983799021553296,0.9107142857142857,0.12571643876053282
8,0,KNN (tuned),0.8333333333333334,0.7894736842105263,0.9375,0.8571428571428571,0.7142857142857143,0.6747699033149638,0.90625,0.13489023125502453
8,1,A1,0.9016393442622951,0.8461538461538461,1.0,0.9166666666666666,0.7857142857142857,0.8153742483272113,0.9556277056277056,0.08662358339813553
8,1,A2,0.8852459016393442,0.8421052631578947,0.9696969696969697,0.9014084507042254,0.7857142857142857,0.776718627563389,0.9523809523809523,0.08460765589664038
8,1,A3 (LA-DPS),0.9016393442622951,0.8648648648648649,0.9696969696969697,0.9142857142857143,0.8214285714285714,0.8070025526620842,0.9523809523809523,0.08427515137013894
8,1,LR (tuned),0.9016393442622951,0.8461538461538461,1.0,0.9166666666666666,0.7857142857142857,0.8153742483272113,0.9545454545454545,0.08694733540216731
8,1,DT (tuned),0.7704918032786885,0.7317073170731707,0.9090909090909091,0.8108108108108109,0.6071428571428571,0.5479935758185698,0.8825757575757576,0.15963472033602616
8,1,RF (tuned),0.8360655737704918,0.8285714285714286,0.8787878787878788,0.8529411764705882,0.7857142857142857,0.6695942095771606,0.9426406926406926,0.10081644291155985
8,1,XGB (tuned),0.9016393442622951,0.8648648648648649,0.9696969696969697,0.9142857142857143,0.8214285714285714,0.8070025526620842,0.9567099567099567,0.08609165996313095
8,1,NB (tuned),0.9016393442622951,0.8857142857142857,0.9393939393939394,0.9117647058823529,0.8571428571428571,0.8026406160403751,0.9437229437229437,0.08484554823450281
8,1,KNN (tuned),0.9016393442622951,0.8461538461538461,1.0,0.9166666666666666,0.7857142857142857,0.8153742483272113,0.935064935064935,0.10210742788588996
8,2,A1,0.8666666666666667,0.9310344827586207,0.8181818181818182,0.8709677419354839,0.9259259259259259,0.7407895213579662,0.924803591470258,0.11202780191429146
8,2,A2,0.85,0.9285714285714286,0.7878787878787878,0.8524590163934426,0.9259259259259259,0.7118102848890859,0.9315375982042648,0.1151497408465793
8,2,A3 (LA-DPS),0.85,0.9285714285714286,0.7878787878787878,0.8524590163934426,0.9259259259259259,0.7118102848890859,0.9292929292929293,0.11504557397848408
8,2,LR (tuned),0.8333333333333334,0.8709677419354839,0.8181818181818182,0.84375,0.8518518518518519,0.667045768100612,0.9259259259259259,0.11615006450989387
8,2,DT (tuned),0.7833333333333333,0.8846153846153846,0.696969696969697,0.7796610169491526,0.8888888888888888,0.5881735878782566,0.8574635241301908,0.16758301662216502
8,2,RF (tuned),0.8166666666666667,0.9230769230769231,0.7272727272727273,0.8135593220338984,0.9259259259259259,0.655779747404493,0.9225589225589226,0.13087275370596999
8,2,XGB (tuned),0.8166666666666667,0.84375,0.8181818181818182,0.8307692307692308,0.8148148148148148,0.6312279884865479,0.9382716049382717,0.11058689653873444
8,2,NB (tuned),0.8166666666666667,0.9230769230769231,0.7272727272727273,0.8135593220338984,0.9259259259259259,0.655779747404493,0.9158249158249158,0.1349584660670551
8,2,KNN (tuned),0.8,0.8181818181818182,0.8181818181818182,0.8181818181818182,0.7777777777777778,0.5959595959595959,0.9158249158249158,0.11918348078302765
8,3,A1,0.7833333333333333,0.8125,0.7878787878787878,0.8,0.7777777777777778,0.5640760748177662,0.8092031425364759,0.17350693959365798
8,3,A2,0.7833333333333333,0.8125,0.7878787878787878,0.8,0.7777777777777778,0.5640760748177662,0.8260381593714927,0.16458562880225652
8,3,A3 (LA-DPS),0.7666666666666667,0.7878787878787878,0.7878787878787878,0.7878787878787878,0.7407407407407407,0.5286195286195287,0.8170594837261503,0.17003863612531955
8,3,LR (tuned),0.7833333333333333,0.8125,0.7878787878787878,0.8,0.7777777777777778,0.5640760748177662,0.8069584736251403,0.1813548346082134
8,3,DT (tuned),0.8166666666666667,0.8055555555555556,0.8787878787878788,0.8405797101449275,0.7407407407407407,0.6291342872277006,0.792929292929293,0.17248170608305977
8,3,RF (tuned),0.8333333333333334,0.8484848484848485,0.8484848484848485,0.8484848484848485,0.8148148148148148,0.6632996632996633,0.8462401795735129,0.15863955377424502
8,3,XGB (tuned),0.8166666666666667,0.8235294117647058,0.8484848484848485,0.835820895522388,0.7777777777777778,0.6287372835939984,0.8496071829405163,0.147015780210495
8,3,NB (tuned),0.7666666666666667,0.7878787878787878,0.7878787878787878,0.7878787878787878,0.7407407407407407,0.5286195286195287,0.8114478114478115,0.20543372026047182
8,3,KNN (tuned),0.7833333333333333,0.8125,0.7878787878787878,0.8,0.7777777777777778,0.5640760748177662,0.7783389450056117,0.19799999999999998
8,4,A1,0.8688524590163934,0.8571428571428571,0.9090909090909091,0.8823529411764706,0.8214285714285714,0.7361174128087679,0.922077922077922,0.09584037675841744
8,4,A2,0.8688524590163934,0.8571428571428571,0.9090909090909091,0.8823529411764706,0.8214285714285714,0.7361174128087679,0.935064935064935,0.09107853231793436
8,4,A3 (LA-DPS),0.8688524590163934,0.8571428571428571,0.9090909090909091,0.8823529411764706,0.8214285714285714,0.7361174128087679,0.9393939393939393,0.08899225819262883
8,4,LR (tuned),0.9180327868852459,0.868421052631579,1.0,0.9295774647887324,0.8214285714285714,0.8445980491699316,0.946969696969697,0.08885154400925267
8,4,DT (tuned),0.8688524590163934,0.8378378378378378,0.9393939393939394,0.8857142857142857,0.7857142857142857,0.7396603423852208,0.8966450216450217,0.13178616964585305
8,4,RF (tuned),0.8688524590163934,0.8378378378378378,0.9393939393939394,0.8857142857142857,0.7857142857142857,0.7396603423852208,0.9274891774891775,0.1071395512255091
8,4,XGB (tuned),0.9016393442622951,0.8648648648648649,0.9696969696969697,0.9142857142857143,0.8214285714285714,0.8070025526620842,0.9231601731601732,0.09758935868740082
8,4,NB (tuned),0.8852459016393442,0.90625,0.8787878787878788,0.8923076923076924,0.8928571428571429,0.7699801976524022,0.9307359307359307,0.09833447031002604
8,4,KNN (tuned),0.8524590163934426,0.8157894736842105,0.9393939393939394,0.8732394366197183,0.75,0.7088392059568465,0.908008658008658,0.10912449788634461
9,0,A1,0.8305084745762712,0.8235294117647058,0.875,0.8484848484848485,0.7777777777777778,0.6581316394931646,0.9212962962962963,0.11611698253620499
9,0,A2,0.847457627118644,0.8484848484848485,0.875,0.8615384615384616,0.8148148148148148,0.6922225527280919,0.931712962962963,0.10383271316873235
9,0,A3 (LA-DPS),0.847457627118644,0.8709677419354839,0.84375,0.8571428571428571,0.8518518518518519,0.6939972318326868,0.9340277777777777,0.10591655174689622
9,0,LR (tuned),0.847457627118644,0.8484848484848485,0.875,0.8615384615384616,0.8148148148148148,0.6922225527280919,0.9247685185185186,0.10824640306482515
9,0,DT (tuned),0.7966101694915254,0.7941176470588235,0.84375,0.8181818181818182,0.7407407407407407,0.5892845353617875,0.8773148148148149,0.1379811872244016
9,0,RF (tuned),0.864406779661017,0.875,0.875,0.875,0.8518518518518519,0.7268518518518519,0.9247685185185185,0.11928778354845376
9,0,XGB (tuned),0.8813559322033898,0.8787878787878788,0.90625,0.8923076923076924,0.8518518518518519,0.7607479396592285,0.9085648148148149,0.11794429272413254
9,0,NB (tuned),0.864406779661017,0.9,0.84375,0.8709677419354839,0.8888888888888888,0.7301081770474639,0.9270833333333334,0.11690493581862142
9,0,KNN (tuned),0.8813559322033898,0.8571428571428571,0.9375,0.8955223880597015,0.8148148148148148,0.7629864799632441,0.9351851851851851,0.1059069600925964
9,1,A1,0.8688524590163934,0.8205128205128205,0.9696969696969697,0.8888888888888888,0.75,0.7468648417873217,0.920995670995671,0.1038011640942494
9,1,A2,0.8688524590163934,0.8048780487804879,1.0,0.8918918918918919,0.7142857142857143,0.7582301049061971,0.9155844155844156,0.10688541143647422
9,1,A3 (LA-DPS),0.8688524590163934,0.8048780487804879,1.0,0.8918918918918919,0.7142857142857143,0.7582301049061971,0.9036796536796536,0.11435991253645687
9,1,LR (tuned),0.8688524590163934,0.8048780487804879,1.0,0.8918918918918919,0.7142857142857143,0.7582301049061971,0.9253246753246753,0.11066357992019028
9,1,DT (tuned),0.819672131147541,0.775,0.9393939393939394,0.8493150684931506,0.6785714285714286,0.6481275457848015,0.860930735930736,0.1379919979004844
9,1,RF (tuned),0.8524590163934426,0.8,0.9696969696969697,0.8767123287671232,0.7142857142857143,0.7173670909562075,0.8874458874458875,0.13322611718506414
9,1,XGB (tuned),0.8688524590163934,0.8205128205128205,0.9696969696969697,0.8888888888888888,0.75,0.7468648417873217,0.895021645021645,0.12162738293409348
9,1,NB (tuned),0.8852459016393442,0.8611111111111112,0.9393939393939394,0.8985507246376812,0.8214285714285714,0.770900069261196,0.9231601731601732,0.10085892760746072
9,1,KNN (tuned),0.8360655737704918,0.7804878048780488,0.9696969696969697,0.8648648648648649,0.6785714285714286,0.6881512618769879,0.8917748917748919,0.12789900820344693
9,2,A1,0.7868852459016393,0.8333333333333334,0.7575757575757576,0.7936507936507936,0.8214285714285714,0.5771335508376638,0.8971861471861472,0.13076758850684567
9,2,A2,0.819672131147541,0.8666666666666667,0.7878787878787878,0.8253968253968254,0.8571428571428571,0.6429375631761639,0.9025974025974025,0.12625452668276219
9,2,A3 (LA-DPS),0.8032786885245902,0.8387096774193549,0.7878787878787878,0.8125,0.8214285714285714,0.607338671255336,0.8993506493506493,0.12514887515402703
9,2,LR (tuned),0.819672131147541,0.8666666666666667,0.7878787878787878,0.8253968253968254,0.8571428571428571,0.6429375631761639,0.895021645021645,0.12526413790445343
9,2,DT (tuned),0.8032786885245902,0.7560975609756098,0.9393939393939394,0.8378378378378378,0.6428571428571429,0.6180724188477789,0.8457792207792209,0.15867137744736287
9,2,RF (tuned),0.8524590163934426,0.8529411764705882,0.8787878787878788,0.8656716417910447,0.8214285714285714,0.7025010124044243,0.8993506493506493,0.1270284442288753
9,2,XGB (tuned),0.8032786885245902,0.8181818181818182,0.8181818181818182,0.8181818181818182,0.7857142857142857,0.6038961038961039,0.9025974025974026,0.1309126764535904
9,2,NB (tuned),0.8524590163934426,0.875,0.8484848484848485,0.8615384615384616,0.8571428571428571,0.7041053139822809,0.8841991341991342,0.143406173429169
9,2,KNN (tuned),0.7868852459016393,0.8125,0.7878787878787878,0.8,0.7857142857142857,0.5723555466420381,0.8804112554112553,0.1412669500101194
9,3,A1,0.7833333333333333,0.7777777777777778,0.8484848484848485,0.8115942028985508,0.7037037037037037,0.5607501255725158,0.914702581369248,0.11817612150070071
9,3,A2,0.8,0.7837837837837838,0.8787878787878788,0.8285714285714286,0.7037037037037037,0.5960239698501034,0.9225589225589226,0.12324305063518447
9,3,A3 (LA-DPS),0.8,0.7837837837837838,0.8787878787878788,0.8285714285714286,0.7037037037037037,0.5960239698501034,0.9158249158249159,0.12650447256422429
9,3,LR (tuned),0.8,0.7837837837837838,0.8787878787878788,0.8285714285714286,0.7037037037037037,0.5960239698501034,0.9248035914702581,0.1107953714149859
9,3,DT (tuned),0.8333333333333334,0.8108108108108109,0.9090909090909091,0.8571428571428571,0.7407407407407407,0.6649284750350865,0.8894500561167228,0.13113083634666894
9,3,RF (tuned),0.8166666666666667,0.8055555555555556,0.8787878787878788,0.8405797101449275,0.7407407407407407,0.6291342872277006,0.9259259259259259,0.11882733833888778
9,3,XGB (tuned),0.8333333333333334,0.8108108108108109,0.9090909090909091,0.8571428571428571,0.7407407407407407,0.6649284750350865,0.9371492704826039,0.10373333841562271
9,3,NB (tuned),0.8166666666666667,0.8055555555555556,0.8787878787878788,0.8405797101449275,0.7407407407407407,0.6291342872277006,0.9102132435465768,0.15216633690708234
9,3,KNN (tuned),0.8166666666666667,0.775,0.9393939393939394,0.8493150684931506,0.6666666666666666,0.6396021490668312,0.9023569023569024,0.12941184516938423
9,4,A1,0.8524590163934426,0.8333333333333334,0.9090909090909091,0.8695652173913043,0.7857142857142857,0.7040083136069528,0.908008658008658,0.11132447469864051
9,4,A2,0.8688524590163934,0.8571428571428571,0.9090909090909091,0.8823529411764706,0.8214285714285714,0.7361174128087679,0.9253246753246753,0.10646326861123788
9,4,A3 (LA-DPS),0.8688524590163934,0.8571428571428571,0.9090909090909091,0.8823529411764706,0.8214285714285714,0.7361174128087679,0.9199134199134199,0.110632233980125
9,4,LR (tuned),0.8524590163934426,0.8333333333333334,0.9090909090909091,0.8695652173913043,0.7857142857142857,0.7040083136069528,0.9112554112554112,0.11445242487377395
9,4,DT (tuned),0.8688524590163934,0.8571428571428571,0.9090909090909091,0.8823529411764706,0.8214285714285714,0.7361174128087679,0.9356060606060606,0.10269634573866675
9,4,RF (tuned),0.8524590163934426,0.8529411764705882,0.8787878787878788,0.8656716417910447,0.8214285714285714,0.7025010124044243,0.9296536796536796,0.10940480401754854
9,4,XGB (tuned),0.8524590163934426,0.8529411764705882,0.8787878787878788,0.8656716417910447,0.8214285714285714,0.7025010124044243,0.908008658008658,0.1157299056649208
9,4,NB (tuned),0.8852459016393442,0.90625,0.8787878787878788,0.8923076923076924,0.8928571428571429,0.7699801976524022,0.9036796536796537,0.11714791081756633
9,4,KNN (tuned),0.819672131147541,0.8235294117647058,0.8484848484848485,0.835820895522388,0.7857142857142857,0.6362683048979794,0.8982683982683982,0.12519894743532395
